date,hour,temperature,rain_prob,rain_type
20230101,0000,-0.2,0.0,0.0
20230101,0100,0.6,0.0,0.0
20230101,0200,2.2,0.0,0.0
20230101,0300,3.1,0.0,0.0
20230101,0400,3.2,0.0,0.0
20230101,0500,2.9,0.0,0.0
20230101,0600,2.5,0.0,0.0
20230101,0700,1.1,0.0,0.0
20230101,0800,-0.1,0.0,0.0
20230101,0900,-1.1,0.0,0.0
20230101,1000,-1.7,0.0,0.0
20230101,1100,-2.2,0.0,0.0
20230101,1200,-2.8,0.0,0.0
20230101,1300,-3.6,0.0,0.0
20230101,1400,-4.3,0.0,0.0
20230101,1500,-5.1,0.0,0.0
20230101,1600,-5.6,0.0,0.0
20230101,1700,-6.1,0.0,0.0
20230101,1800,-6.6,0.0,0.0
20230101,1900,-6.8,0.0,0.0
20230101,2000,-6.4,0.0,0.0
20230101,2100,-6.6,0.0,0.0
20230101,2200,-6.9,0.0,0.0
20230101,2300,-6.2,0.0,0.0
20230102,0000,-4.9,0.0,0.0
20230102,0100,-3.4,0.0,0.0
20230102,0200,-2.3,0.0,0.0
20230102,0300,-2.0,0.0,0.0
20230102,0400,-0.9,0.0,0.0
20230102,0500,-0.5,0.0,0.0
20230102,0600,-0.9,0.0,0.0
20230102,0700,-2.0,0.0,0.0
20230102,0800,-2.9,0.0,0.0
20230102,0900,-3.3,0.0,0.0
20230102,1000,-3.8,0.0,0.0
20230102,1100,-4.4,0.0,0.0
20230102,1200,-5.1,0.0,0.0
20230102,1300,-5.9,0.0,0.0
20230102,1400,-6.5,0.0,0.0
20230102,1500,-7.2,0.0,0.0
20230102,1600,-7.6,0.0,0.0
20230102,1700,-8.1,0.0,0.0
20230102,1800,-8.1,0.0,0.0
20230102,1900,-8.6,0.0,0.0
20230102,2000,-8.8,0.0,0.0
20230102,2100,-8.7,0.0,0.0
20230102,2200,-8.7,0.0,0.0
20230102,2300,-7.5,0.0,0.0
20230103,0000,-4.1,0.0,0.0
20230103,0100,-3.0,0.0,0.0
20230103,0200,-2.0,0.0,0.0
20230103,0300,-0.5,0.0,0.0
20230103,0400,-0.5,0.0,0.0
20230103,0500,-0.3,0.0,0.0
20230103,0600,0.0,0.0,0.0
20230103,0700,-1.6,0.0,0.0
20230103,0800,-2.6,0.0,0.0
20230103,0900,-3.3,0.0,0.0
20230103,1000,-3.8,0.0,0.0
20230103,1100,-4.4,0.0,0.0
20230103,1200,-4.9,0.0,0.0
20230103,1300,-5.2,0.0,0.0
20230103,1400,-5.2,0.0,0.0
20230103,1500,-5.3,0.0,0.0
20230103,1600,-5.4,0.0,0.0
20230103,1700,-5.5,0.0,0.0
20230103,1800,-4.8,0.0,0.0
20230103,1900,-4.4,0.0,0.0
20230103,2000,-4.0,0.0,0.0
20230103,2100,-3.9,0.0,0.0
20230103,2200,-4.4,0.0,0.0
20230103,2300,-4.1,0.0,0.0
20230104,0000,-1.9,0.0,0.0
20230104,0100,0.8,0.0,0.0
20230104,0200,2.1,0.0,0.0
20230104,0300,2.0,0.0,0.0
20230104,0400,2.5,0.0,0.0
20230104,0500,3.1,0.0,0.0
20230104,0600,2.7,0.0,0.0
20230104,0700,1.4,0.0,0.0
20230104,0800,0.3,0.0,0.0
20230104,0900,-0.3,0.0,0.0
20230104,1000,-1.2,0.0,0.0
20230104,1100,-2.2,0.0,0.0
20230104,1200,-2.8,0.0,0.0
20230104,1300,-2.8,0.0,0.0
20230104,1400,-3.2,0.0,0.0
20230104,1500,-3.2,0.0,0.0
20230104,1600,-3.7,0.0,0.0
20230104,1700,-4.1,0.0,0.0
20230104,1800,-4.3,0.0,0.0
20230104,1900,-4.8,0.0,0.0
20230104,2000,-5.0,0.0,0.0
20230104,2100,-5.3,0.0,0.0
20230104,2200,-5.5,0.0,0.0
20230104,2300,-4.3,0.0,0.0
20230105,0000,-2.4,0.0,0.0
20230105,0100,-0.6,0.0,0.0
20230105,0200,0.5,0.0,0.0
20230105,0300,1.1,0.0,0.0
20230105,0400,1.8,0.0,0.0
20230105,0500,3.4,0.0,0.0
20230105,0600,3.1,0.0,0.0
20230105,0700,1.7,0.0,0.0
20230105,0800,0.6,0.0,0.0
20230105,0900,-0.3,0.0,0.0
20230105,1000,-1.0,0.0,0.0
20230105,1100,-1.2,0.0,0.0
20230105,1200,-1.5,0.0,0.0
20230105,1300,-1.7,0.0,0.0
20230105,1400,-2.0,0.0,0.0
20230105,1500,-2.3,0.0,0.0
20230105,1600,-2.7,0.0,0.0
20230105,1700,-3.2,0.0,0.0
20230105,1800,-3.4,0.0,0.0
20230105,1900,-3.6,0.0,0.0
20230105,2000,-3.9,0.0,0.0
20230105,2100,-4.2,0.0,0.0
20230105,2200,-4.6,0.0,0.0
20230105,2300,-2.7,0.0,0.0
20230106,0000,-0.5,0.0,0.0
20230106,0100,1.6,0.0,0.0
20230106,0200,3.7,0.0,0.0
20230106,0300,4.1,0.0,0.0
20230106,0400,5.7,0.0,0.0
20230106,0500,5.3,0.0,0.0
20230106,0600,4.8,0.0,0.0
20230106,0700,4.4,0.0,0.0
20230106,0800,4.3,0.0,0.0
20230106,0900,3.4,0.0,0.0
20230106,1000,3.0,0.0,0.0
20230106,1100,1.4,1.0,0.0
20230106,1200,1.2,0.4,2.0
20230106,1300,1.0,2.4,3.0
20230106,1400,1.1,0.1,0.0
20230106,1500,1.2,0.0,0.0
20230106,1600,1.3,0.0,0.0
20230106,1700,1.9,0.0,0.0
20230106,1800,2.3,0.1,1.0
20230106,1900,2.0,0.0,0.0
20230106,2000,1.8,0.0,0.0
20230106,2100,1.7,0.0,0.0
20230106,2200,1.5,0.0,0.0
20230106,2300,1.6,0.0,0.0
20230107,0000,1.8,0.0,0.0
20230107,0100,2.1,0.0,0.0
20230107,0200,2.6,0.0,0.0
20230107,0300,3.4,0.0,0.0
20230107,0400,3.2,0.0,0.0
20230107,0500,3.6,0.0,0.0
20230107,0600,3.6,0.0,0.0
20230107,0700,2.7,0.0,0.0
20230107,0800,1.8,0.0,0.0
20230107,0900,0.9,0.0,0.0
20230107,1000,0.4,0.0,0.0
20230107,1100,0.2,0.0,0.0
20230107,1200,0.0,0.0,0.0
20230107,1300,-0.9,0.0,0.0
20230107,1400,-1.4,0.0,0.0
20230107,1500,-1.8,0.0,0.0
20230107,1600,-2.1,0.0,0.0
20230107,1700,-2.4,0.0,0.0
20230107,1800,-2.7,0.0,0.0
20230107,1900,-3.1,0.0,0.0
20230107,2000,-3.0,0.0,0.0
20230107,2100,-3.3,0.0,0.0
20230107,2200,-3.6,0.0,0.0
20230107,2300,-2.7,0.0,0.0
20230108,0000,-0.3,0.0,0.0
20230108,0100,1.6,0.0,0.0
20230108,0200,3.2,0.0,0.0
20230108,0300,4.6,0.0,0.0
20230108,0400,5.4,0.0,0.0
20230108,0500,6.1,0.0,0.0
20230108,0600,5.5,0.0,0.0
20230108,0700,4.6,0.0,0.0
20230108,0800,3.9,0.0,0.0
20230108,0900,3.3,0.0,0.0
20230108,1000,3.0,0.0,0.0
20230108,1100,3.1,0.0,0.0
20230108,1200,3.2,0.0,0.0
20230108,1300,3.2,0.0,0.0
20230108,1400,3.2,0.0,0.0
20230108,1500,3.2,0.0,0.0
20230108,1600,3.4,0.0,0.0
20230108,1700,3.4,0.0,0.0
20230108,1800,3.4,0.0,0.0
20230108,1900,3.5,0.0,0.0
20230108,2000,3.7,0.0,0.0
20230108,2100,3.8,0.0,0.0
20230108,2200,3.5,0.0,0.0
20230108,2300,3.6,0.0,0.0
20230109,0000,-50.0,-1.0,-1.0
20230109,0100,5.4,0.0,0.0
20230109,0200,6.7,0.0,0.0
20230109,0300,6.7,0.0,0.0
20230109,0400,6.4,0.0,0.0
20230109,0500,6.0,0.0,0.0
20230109,0600,5.3,0.0,0.0
20230109,0700,3.8,0.0,0.0
20230109,0800,2.5,0.0,0.0
20230109,0900,1.4,0.0,0.0
20230109,1000,0.9,0.0,0.0
20230109,1100,0.5,0.0,0.0
20230109,1200,-0.5,0.0,0.0
20230109,1300,-1.0,0.0,0.0
20230109,1400,-1.4,0.0,0.0
20230109,1500,-2.3,0.0,0.0
20230109,1600,-2.3,0.0,0.0
20230109,1700,-2.7,0.0,0.0
20230109,1800,-2.8,0.0,0.0
20230109,1900,-3.3,0.0,0.0
20230109,2000,-3.6,0.0,0.0
20230109,2100,-3.7,0.0,0.0
20230109,2200,-3.7,0.0,0.0
20230109,2300,-2.4,0.0,0.0
20230110,0000,0.3,0.0,0.0
20230110,0100,3.0,0.0,0.0
20230110,0200,5.1,0.0,0.0
20230110,0300,7.2,0.0,0.0
20230110,0400,8.7,0.0,0.0
20230110,0500,8.8,0.0,0.0
20230110,0600,8.1,0.0,0.0
20230110,0700,6.0,0.0,0.0
20230110,0800,4.7,0.0,0.0
20230110,0900,4.0,0.0,0.0
20230110,1000,3.3,0.0,0.0
20230110,1100,2.7,0.0,0.0
20230110,1200,2.1,0.0,0.0
20230110,1300,1.9,0.0,0.0
20230110,1400,1.0,0.0,0.0
20230110,1500,0.3,0.0,0.0
20230110,1600,-0.2,0.0,0.0
20230110,1700,-0.4,0.0,0.0
20230110,1800,-0.8,0.0,0.0
20230110,1900,-0.8,0.0,0.0
20230110,2000,-1.1,0.0,0.0
20230110,2100,-1.4,0.0,0.0
20230110,2200,-1.9,0.0,0.0
20230110,2300,-0.9,0.0,0.0
20230111,0000,1.9,0.0,0.0
20230111,0100,3.9,0.0,0.0
20230111,0200,5.5,0.0,0.0
20230111,0300,7.6,0.0,0.0
20230111,0400,8.9,0.0,0.0
20230111,0500,8.8,0.0,0.0
20230111,0600,8.4,0.0,0.0
20230111,0700,6.6,0.0,0.0
20230111,0800,5.1,0.0,0.0
20230111,0900,4.2,0.0,0.0
20230111,1000,3.4,0.0,0.0
20230111,1100,3.2,0.0,0.0
20230111,1200,2.9,0.0,0.0
20230111,1300,2.3,0.0,0.0
20230111,1400,1.4,0.0,0.0
20230111,1500,0.9,0.0,0.0
20230111,1600,0.6,0.0,0.0
20230111,1700,0.2,0.0,0.0
20230111,1800,0.0,0.0,0.0
20230111,1900,-0.2,0.0,0.0
20230111,2000,-0.2,0.0,0.0
20230111,2100,-0.4,0.0,0.0
20230111,2200,0.0,0.0,0.0
20230111,2300,2.0,0.0,0.0
20230112,0000,4.4,0.0,0.0
20230112,0100,6.9,0.0,0.0
20230112,0200,8.5,0.0,0.0
20230112,0300,10.3,0.0,0.0
20230112,0400,11.6,0.0,0.0
20230112,0500,12.1,0.0,0.0
20230112,0600,12.3,0.0,0.0
20230112,0700,11.0,0.0,0.0
20230112,0800,8.9,0.0,0.0
20230112,0900,7.9,0.0,0.0
20230112,1000,7.3,0.0,0.0
20230112,1100,7.4,0.0,0.0
20230112,1200,8.2,0.0,0.0
20230112,1300,8.5,0.0,0.0
20230112,1400,8.0,0.2,1.0
20230112,1500,6.8,0.8,1.0
20230112,1600,5.3,6.8,1.0
20230112,1700,5.2,3.6,1.0
20230112,1800,5.7,1.3,1.0
20230112,1900,6.4,2.8,1.0
20230112,2000,7.0,5.9,1.0
20230112,2100,7.8,10.6,1.0
20230112,2200,8.0,2.5,1.0
20230112,2300,8.2,1.3,1.0
20230113,0000,8.5,0.2,0.0
20230113,0100,8.7,0.1,0.0
20230113,0200,9.0,0.0,0.0
20230113,0300,9.2,0.0,0.0
20230113,0400,9.4,0.0,0.0
20230113,0500,9.9,0.4,1.0
20230113,0600,9.9,0.2,1.0
20230113,0700,10.0,0.3,1.0
20230113,0800,9.9,0.1,1.0
20230113,0900,9.6,0.1,0.0
20230113,1000,9.4,0.0,0.0
20230113,1100,9.2,0.0,0.0
20230113,1200,9.1,0.1,0.0
20230113,1300,8.8,0.0,0.0
20230113,1400,8.3,0.0,0.0
20230113,1500,8.4,0.1,0.0
20230113,1600,8.0,0.0,0.0
20230113,1700,7.8,0.0,0.0
20230113,1800,7.8,0.0,0.0
20230113,1900,7.8,0.0,0.0
20230113,2000,7.8,0.0,0.0
20230113,2100,7.9,0.1,0.0
20230113,2200,7.6,0.0,0.0
20230113,2300,7.8,0.0,0.0
20230114,0000,7.9,0.0,0.0
20230114,0100,7.9,0.3,1.0
20230114,0200,8.0,1.0,1.0
20230114,0300,7.9,0.1,1.0
20230114,0400,7.5,0.0,0.0
20230114,0500,7.1,0.0,0.0
20230114,0600,6.7,0.0,0.0
20230114,0700,6.2,0.0,0.0
20230114,0800,5.7,0.0,0.0
20230114,0900,5.2,0.0,0.0
20230114,1000,5.0,0.0,0.0
20230114,1100,4.6,0.0,0.0
20230114,1200,4.2,0.0,0.0
20230114,1300,3.9,0.0,0.0
20230114,1400,3.8,0.0,0.0
20230114,1500,3.5,0.0,0.0
20230114,1600,3.2,0.3,1.0
20230114,1700,3.0,0.5,1.0
20230114,1800,2.9,0.2,1.0
20230114,1900,2.8,0.5,1.0
20230114,2000,2.6,0.4,1.0
20230114,2100,1.9,0.3,1.0
20230114,2200,1.3,0.1,0.0
20230114,2300,0.7,0.4,0.0
20230115,0000,0.3,0.5,3.0
20230115,0100,0.2,0.0,0.0
20230115,0200,0.1,0.0,0.0
20230115,0300,-0.2,0.0,0.0
20230115,0400,-0.4,0.0,0.0
20230115,0500,-0.7,0.0,0.0
20230115,0600,-1.1,0.0,0.0
20230115,0700,-1.3,0.0,0.0
20230115,0800,-1.5,0.0,0.0
20230115,0900,-1.8,0.0,0.0
20230115,1000,-2.0,0.0,0.0
20230115,1100,-2.4,0.0,0.0
20230115,1200,-3.0,0.0,0.0
20230115,1300,-3.2,0.0,0.0
20230115,1400,-3.4,0.0,0.0
20230115,1500,-3.5,0.0,0.0
20230115,1600,-3.8,0.0,0.0
20230115,1700,-4.0,0.0,0.0
20230115,1800,-4.2,0.0,0.0
20230115,1900,-4.6,0.0,0.0
20230115,2000,-5.0,0.0,0.0
20230115,2100,-5.4,0.0,0.0
20230115,2200,-6.4,0.0,0.0
20230115,2300,-6.6,0.0,0.0
20230116,0000,-5.4,0.0,0.0
20230116,0100,-4.5,0.0,0.0
20230116,0200,-3.4,0.0,0.0
20230116,0300,-2.3,0.0,0.0
20230116,0400,-1.8,0.0,0.0
20230116,0500,-1.4,0.0,0.0
20230116,0600,-1.4,0.0,0.0
20230116,0700,-2.8,0.0,0.0
20230116,0800,-3.9,0.0,0.0
20230116,0900,-4.5,0.0,0.0
20230116,1000,-5.1,0.0,0.0
20230116,1100,-5.5,0.0,0.0
20230116,1200,-5.3,0.0,0.0
20230116,1300,-5.7,0.0,0.0
20230116,1400,-6.2,0.0,0.0
20230116,1500,-6.1,0.0,0.0
20230116,1600,-6.6,0.0,0.0
20230116,1700,-6.9,0.0,0.0
20230116,1800,-6.4,0.0,0.0
20230116,1900,-6.5,0.0,0.0
20230116,2000,-6.7,0.0,0.0
20230116,2100,-6.6,0.0,0.0
20230116,2200,-6.7,0.0,0.0
20230116,2300,-6.0,0.0,0.0
20230117,0000,-4.4,0.0,0.0
20230117,0100,-3.5,0.0,0.0
20230117,0200,-2.6,0.0,0.0
20230117,0300,-1.3,0.0,0.0
20230117,0400,-0.6,0.0,0.0
20230117,0500,-1.2,0.0,0.0
20230117,0600,-1.0,0.0,0.0
20230117,0700,-1.0,0.0,0.0
20230117,0800,-1.2,0.0,0.0
20230117,0900,-1.2,0.0,0.0
20230117,1000,-1.3,0.0,0.0
20230117,1100,-1.5,0.0,0.0
20230117,1200,-2.1,0.0,0.0
20230117,1300,-2.3,0.0,0.0
20230117,1400,-2.4,0.0,0.0
20230117,1500,-2.6,0.0,0.0
20230117,1600,-2.3,0.0,0.0
20230117,1700,-2.4,0.0,0.0
20230117,1800,-3.0,0.0,0.0
20230117,1900,-3.7,0.0,0.0
20230117,2000,-3.7,0.0,0.0
20230117,2100,-4.2,0.0,0.0
20230117,2200,-4.5,0.0,0.0
20230117,2300,-3.9,0.0,0.0
20230118,0000,-1.7,0.0,0.0
20230118,0100,-0.2,0.0,0.0
20230118,0200,0.0,0.0,0.0
20230118,0300,0.8,0.0,0.0
20230118,0400,1.3,0.0,0.0
20230118,0500,1.9,0.0,0.0
20230118,0600,1.6,0.0,0.0
20230118,0700,0.3,0.0,0.0
20230118,0800,-0.7,0.0,0.0
20230118,0900,-1.5,0.0,0.0
20230118,1000,-1.5,0.0,0.0
20230118,1100,-2.5,0.0,0.0
20230118,1200,-3.1,0.0,0.0
20230118,1300,-3.5,0.0,0.0
20230118,1400,-3.9,0.0,0.0
20230118,1500,-4.1,0.0,0.0
20230118,1600,-4.6,0.0,0.0
20230118,1700,-4.8,0.0,0.0
20230118,1800,-5.3,0.0,0.0
20230118,1900,-5.6,0.0,0.0
20230118,2000,-5.8,0.0,0.0
20230118,2100,-5.6,0.0,0.0
20230118,2200,-5.0,0.0,0.0
20230118,2300,-3.2,0.0,0.0
20230119,0000,-2.0,0.0,0.0
20230119,0100,-0.7,0.0,0.0
20230119,0200,0.6,0.0,0.0
20230119,0300,3.3,0.0,0.0
20230119,0400,4.2,0.0,0.0
20230119,0500,3.9,0.0,0.0
20230119,0600,4.1,0.0,0.0
20230119,0700,3.8,0.0,0.0
20230119,0800,3.5,0.0,0.0
20230119,0900,3.4,0.0,0.0
20230119,1000,2.8,0.0,0.0
20230119,1100,2.5,0.1,0.0
20230119,1200,2.8,0.0,0.0
20230119,1300,2.6,0.2,2.0
20230119,1400,1.6,0.7,0.0
20230119,1500,1.4,0.0,0.0
20230119,1600,1.9,0.0,0.0
20230119,1700,1.6,0.0,0.0
20230119,1800,1.1,0.0,0.0
20230119,1900,0.7,0.0,0.0
20230119,2000,-0.4,0.0,0.0
20230119,2100,-1.6,0.0,0.0
20230119,2200,-2.5,0.0,0.0
20230119,2300,-3.9,0.0,0.0
20230120,0000,-3.8,0.0,0.0
20230120,0100,-3.7,0.0,0.0
20230120,0200,-3.2,0.0,0.0
20230120,0300,-3.0,0.0,0.0
20230120,0400,-2.5,0.0,0.0
20230120,0500,-2.2,0.0,0.0
20230120,0600,-1.9,0.0,0.0
20230120,0700,-3.5,0.0,0.0
20230120,0800,-4.4,0.0,0.0
20230120,0900,-5.0,0.0,0.0
20230120,1000,-5.6,0.0,0.0
20230120,1100,-6.1,0.0,0.0
20230120,1200,-6.6,0.0,0.0
20230120,1300,-7.3,0.0,0.0
20230120,1400,-7.7,0.0,0.0
20230120,1500,-8.3,0.0,0.0
20230120,1600,-8.4,0.0,0.0
20230120,1700,-8.8,0.0,0.0
20230120,1800,-9.1,0.0,0.0
20230120,1900,-9.5,0.0,0.0
20230120,2000,-10.1,0.0,0.0
20230120,2100,-10.3,0.0,0.0
20230120,2200,-10.2,0.0,0.0
20230120,2300,-8.7,0.0,0.0
20230121,0000,-6.1,0.0,0.0
20230121,0100,-3.5,0.0,0.0
20230121,0200,-2.0,0.0,0.0
20230121,0300,-0.1,0.0,0.0
20230121,0400,0.3,0.0,0.0
20230121,0500,1.1,0.0,0.0
20230121,0600,0.7,0.0,0.0
20230121,0700,0.0,0.0,0.0
20230121,0800,-1.1,0.0,0.0
20230121,0900,-1.7,0.0,0.0
20230121,1000,-2.4,0.0,0.0
20230121,1100,-2.7,0.0,0.0
20230121,1200,-2.6,0.0,0.0
20230121,1300,-2.7,0.0,0.0
20230121,1400,-2.6,0.0,0.0
20230121,1500,-2.7,0.0,0.0
20230121,1600,-2.5,0.0,0.0
20230121,1700,-2.4,0.0,0.0
20230121,1800,-2.2,0.0,0.0
20230121,1900,-2.4,0.0,0.0
20230121,2000,-2.5,0.0,0.0
20230121,2100,-2.4,0.0,0.0
20230121,2200,-2.1,0.0,0.0
20230121,2300,-1.7,0.0,0.0
20230122,0000,-1.6,0.0,0.0
20230122,0100,-1.4,0.0,0.0
20230122,0200,-0.2,0.0,0.0
20230122,0300,0.7,0.0,0.0
20230122,0400,1.3,0.0,0.0
20230122,0500,2.3,0.0,0.0
20230122,0600,2.5,0.0,0.0
20230122,0700,2.0,0.0,0.0
20230122,0800,1.4,0.0,0.0
20230122,0900,1.2,0.0,0.0
20230122,1000,0.8,0.0,0.0
20230122,1100,0.3,0.0,0.0
20230122,1200,-0.2,0.0,0.0
20230122,1300,-0.7,0.0,0.0
20230122,1400,-1.2,0.0,0.0
20230122,1500,-0.4,0.0,0.0
20230122,1600,-0.5,0.0,0.0
20230122,1700,-0.6,0.0,0.0
20230122,1800,-1.1,0.0,0.0
20230122,1900,-1.2,0.0,0.0
20230122,2000,-0.4,0.0,0.0
20230122,2100,-1.2,0.0,0.0
20230122,2200,-1.5,0.0,0.0
20230122,2300,-0.8,0.0,0.0
20230123,0000,1.8,0.0,0.0
20230123,0100,3.7,0.0,0.0
20230123,0200,4.0,0.0,0.0
20230123,0300,4.2,0.0,0.0
20230123,0400,3.9,0.0,0.0
20230123,0500,3.2,0.0,0.0
20230123,0600,2.5,0.0,0.0
20230123,0700,1.0,0.0,0.0
20230123,0800,-0.4,0.0,0.0
20230123,0900,-1.5,0.0,0.0
20230123,1000,-2.5,0.0,0.0
20230123,1100,-3.8,0.0,0.0
20230123,1200,-5.1,0.0,0.0
20230123,1300,-5.9,0.0,0.0
20230123,1400,-7.2,0.0,0.0
20230123,1500,-8.8,0.0,0.0
20230123,1600,-10.4,0.0,0.0
20230123,1700,-11.6,0.0,0.0
20230123,1800,-12.6,0.0,0.0
20230123,1900,-13.8,0.0,0.0
20230123,2000,-14.7,0.0,0.0
20230123,2100,-15.8,0.0,0.0
20230123,2200,-16.5,0.0,0.0
20230123,2300,-16.299999,0.0,0.0
20230124,0000,-16.0,0.0,0.0
20230124,0100,-15.0,0.0,0.0
20230124,0200,-14.2,0.0,0.0
20230124,0300,-13.9,0.0,0.0
20230124,0400,-12.7,0.0,0.0
20230124,0500,-12.7,0.0,0.0
20230124,0600,-12.5,0.0,0.0
20230124,0700,-13.6,0.0,0.0
20230124,0800,-14.6,0.0,0.0
20230124,0900,-15.2,0.0,0.0
20230124,1000,-15.8,0.0,0.0
20230124,1100,-16.200001,0.0,0.0
20230124,1200,-16.6,0.0,0.0
20230124,1300,-16.799999,0.0,0.0
20230124,1400,-16.9,0.0,0.0
20230124,1500,-17.0,0.0,0.0
20230124,1600,-16.9,0.0,0.0
20230124,1700,-16.799999,0.0,0.0
20230124,1800,-16.799999,0.0,0.0
20230124,1900,-16.799999,0.0,0.0
20230124,2000,-18.700001,0.0,0.0
20230124,2100,-18.799999,0.0,0.0
20230124,2200,-18.0,0.0,0.0
20230124,2300,-15.6,0.0,0.0
20230125,0000,-13.9,0.0,0.0
20230125,0100,-10.6,0.0,0.0
20230125,0200,-9.1,0.0,0.0
20230125,0300,-7.7,0.0,0.0
20230125,0400,-6.7,0.0,0.0
20230125,0500,-6.3,0.0,0.0
20230125,0600,-5.4,0.0,0.0
20230125,0700,-6.5,0.0,0.0
20230125,0800,-7.6,0.0,0.0
20230125,0900,-8.2,0.0,0.0
20230125,1000,-8.1,0.0,0.0
20230125,1100,-8.0,0.0,0.0
20230125,1200,-7.9,0.0,0.0
20230125,1300,-8.7,0.0,0.0
20230125,1400,-8.6,0.0,0.0
20230125,1500,-8.2,0.0,0.0
20230125,1600,-8.4,0.0,0.0
20230125,1700,-8.5,0.0,0.0
20230125,1800,-8.7,0.0,0.0
20230125,1900,-8.9,0.2,0.0
20230125,2000,-8.9,0.2,0.0
20230125,2100,-8.7,0.1,0.0
20230125,2200,-8.5,0.2,3.0
20230125,2300,-7.7,0.1,0.0
20230126,0000,-6.9,0.0,0.0
20230126,0100,-5.5,0.0,0.0
20230126,0200,-5.1,0.0,0.0
20230126,0300,-4.4,0.0,0.0
20230126,0400,-3.9,0.0,0.0
20230126,0500,-3.7,0.0,0.0
20230126,0600,-3.4,0.0,0.0
20230126,0700,-3.5,0.0,0.0
20230126,0800,-3.7,0.0,0.0
20230126,0900,-5.3,0.0,0.0
20230126,1000,-5.3,0.0,0.0
20230126,1100,-5.9,0.0,0.0
20230126,1200,-6.2,0.0,0.0
20230126,1300,-4.9,0.0,0.0
20230126,1400,-5.6,0.0,0.0
20230126,1500,-6.1,0.0,0.0
20230126,1600,-6.7,0.0,0.0
20230126,1700,-6.6,0.0,0.0
20230126,1800,-7.2,0.0,0.0
20230126,1900,-7.7,0.0,0.0
20230126,2000,-8.2,0.0,0.0
20230126,2100,-8.3,0.0,0.0
20230126,2200,-8.5,0.0,0.0
20230126,2300,-8.1,0.0,0.0
20230127,0000,-7.2,0.0,0.0
20230127,0100,-7.0,0.0,0.0
20230127,0200,-6.1,0.0,0.0
20230127,0300,-4.7,0.0,0.0
20230127,0400,-4.6,0.0,0.0
20230127,0500,-4.3,0.0,0.0
20230127,0600,-4.3,0.0,0.0
20230127,0700,-5.7,0.0,0.0
20230127,0800,-6.7,0.0,0.0
20230127,0900,-7.5,0.0,0.0
20230127,1000,-8.0,0.0,0.0
20230127,1100,-8.5,0.0,0.0
20230127,1200,-8.9,0.0,0.0
20230127,1300,-9.2,0.0,0.0
20230127,1400,-9.5,0.0,0.0
20230127,1500,-9.6,0.0,0.0
20230127,1600,-9.4,0.0,0.0
20230127,1700,-9.6,0.0,0.0
20230127,1800,-9.9,0.0,0.0
20230127,1900,-10.4,0.0,0.0
20230127,2000,-10.8,0.0,0.0
20230127,2100,-10.9,0.0,0.0
20230127,2200,-11.0,0.0,0.0
20230127,2300,-9.4,0.0,0.0
20230128,0000,-6.3,0.0,0.0
20230128,0100,-4.8,0.0,0.0
20230128,0200,-3.7,0.0,0.0
20230128,0300,-2.0,0.0,0.0
20230128,0400,-0.8,0.0,0.0
20230128,0500,-0.9,0.0,0.0
20230128,0600,-0.6,0.0,0.0
20230128,0700,-1.5,0.0,0.0
20230128,0800,-2.3,0.0,0.0
20230128,0900,-2.8,0.0,0.0
20230128,1000,-3.3,0.0,0.0
20230128,1100,-3.9,0.0,0.0
20230128,1200,-4.8,0.0,0.0
20230128,1300,-5.5,0.0,0.0
20230128,1400,-6.1,0.0,0.0
20230128,1500,-7.0,0.0,0.0
20230128,1600,-7.2,0.0,0.0
20230128,1700,-7.0,0.0,0.0
20230128,1800,-7.1,0.0,0.0
20230128,1900,-7.5,0.0,0.0
20230128,2000,-7.8,0.0,0.0
20230128,2100,-7.7,0.0,0.0
20230128,2200,-7.4,0.0,0.0
20230128,2300,-5.7,0.0,0.0
20230129,0000,-3.5,0.0,0.0
20230129,0100,-1.1,0.0,0.0
20230129,0200,0.8,0.0,0.0
20230129,0300,2.8,0.0,0.0
20230129,0400,4.5,0.0,0.0
20230129,0500,4.4,0.0,0.0
20230129,0600,4.1,0.0,0.0
20230129,0700,3.6,0.0,0.0
20230129,0800,2.7,0.0,0.0
20230129,0900,2.3,0.0,0.0
20230129,1000,1.5,0.0,0.0
20230129,1100,0.5,0.0,0.0
20230129,1200,-0.4,0.0,0.0
20230129,1300,-1.2,0.0,0.0
20230129,1400,-1.7,0.0,0.0
20230129,1500,-2.2,0.0,0.0
20230129,1600,-2.9,0.0,0.0
20230129,1700,-3.3,0.0,0.0
20230129,1800,-4.0,0.0,0.0
20230129,1900,-4.2,0.0,0.0
20230129,2000,-4.2,0.0,0.0
20230129,2100,-3.9,0.0,0.0
20230129,2200,-4.3,0.0,0.0
20230129,2300,-3.0,0.0,0.0
20230130,0000,-1.0,0.0,0.0
20230130,0100,0.3,0.0,0.0
20230130,0200,1.7,0.0,0.0
20230130,0300,2.1,0.0,0.0
20230130,0400,3.6,0.0,0.0
20230130,0500,4.1,0.0,0.0
20230130,0600,3.7,0.0,0.0
20230130,0700,2.6,0.0,0.0
20230130,0800,1.2,0.0,0.0
20230130,0900,0.4,0.0,0.0
20230130,1000,-0.1,0.0,0.0
20230130,1100,-0.5,0.0,0.0
20230130,1200,-1.1,0.0,0.0
20230130,1300,-1.3,0.0,0.0
20230130,1400,-1.9,0.0,0.0
20230130,1500,-2.4,0.0,0.0
20230130,1600,-2.9,0.0,0.0
20230130,1700,-3.0,0.0,0.0
20230130,1800,-3.4,0.0,0.0
20230130,1900,-3.3,0.0,0.0
20230130,2000,-3.3,0.0,0.0
20230130,2100,-3.1,0.0,0.0
20230130,2200,-3.2,0.0,0.0
20230130,2300,-1.4,0.0,0.0
20230131,0000,0.7,0.0,0.0
20230131,0100,1.8,0.0,0.0
20230131,0200,2.8,0.0,0.0
20230131,0300,4.0,0.0,0.0
20230131,0400,5.2,0.0,0.0
20230131,0500,7.4,0.0,0.0
20230131,0600,7.6,0.0,0.0
20230131,0700,7.2,0.0,0.0
20230131,0800,7.1,0.0,0.0
20230131,0900,6.8,0.0,0.0
20230131,1000,6.5,0.0,0.0
20230131,1100,6.3,0.0,0.0
20230131,1200,6.1,0.0,0.0
20230131,1300,6.0,0.0,0.0
20230131,1400,5.9,0.0,0.0
20230131,1500,5.0,0.0,0.0
20230131,1600,3.9,0.0,0.0
20230131,1700,2.9,0.0,0.0
20230131,1800,2.0,0.0,0.0
20230131,1900,1.4,0.0,0.0
20230131,2000,0.6,0.0,0.0
20230131,2100,0.0,0.0,0.0
20230131,2200,-0.4,0.0,0.0
20230131,2300,0.0,0.0,0.0
20240101,0000,2.7,0.0,0.0
20240101,0100,4.6,0.0,0.0
20240101,0200,6.1,0.0,0.0
20240101,0300,7.2,0.0,0.0
20240101,0400,6.5,0.0,0.0
20240101,0500,6.3,0.0,0.0
20240101,0600,5.8,0.0,0.0
20240101,0700,5.4,0.0,0.0
20240101,0800,4.9,0.0,0.0
20240101,0900,4.6,0.0,0.0
20240101,1000,4.4,0.0,0.0
20240101,1100,4.2,0.0,0.0
20240101,1200,4.1,0.0,0.0
20240101,1300,3.9,0.0,0.0
20240101,1400,3.7,0.0,0.0
20240101,1500,3.4,0.0,0.0
20240101,1600,3.3,0.0,0.0
20240101,1700,3.0,0.0,0.0
20240101,1800,2.7,0.0,0.0
20240101,1900,2.4,0.0,0.0
20240101,2000,2.3,0.0,0.0
20240101,2100,2.3,0.0,0.0
20240101,2200,2.3,0.0,0.0
20240101,2300,2.3,0.0,0.0
20240102,0000,2.7,0.0,0.0
20240102,0100,3.1,0.0,0.0
20240102,0200,3.6,0.0,0.0
20240102,0300,4.0,0.0,0.0
20240102,0400,4.2,0.0,0.0
20240102,0500,4.0,0.0,0.0
20240102,0600,4.0,0.0,0.0
20240102,0700,3.4,0.0,0.0
20240102,0800,3.2,0.0,0.0
20240102,0900,2.9,0.0,0.0
20240102,1000,2.3,0.0,0.0
20240102,1100,2.3,0.0,0.0
20240102,1200,2.3,0.0,0.0
20240102,1300,2.3,0.0,0.0
20240102,1400,2.4,0.0,0.0
20240102,1500,2.3,0.0,0.0
20240102,1600,2.2,0.0,0.0
20240102,1700,2.1,0.0,0.0
20240102,1800,2.0,0.0,0.0
20240102,1900,2.2,0.0,0.0
20240102,2000,2.3,0.0,0.0
20240102,2100,2.3,0.0,0.0
20240102,2200,2.3,0.0,0.0
20240102,2300,2.0,0.2,2.0
20240103,0000,1.9,0.4,0.0
20240103,0100,2.5,0.0,0.0
20240103,0200,3.1,0.0,0.0
20240103,0300,3.9,0.0,0.0
20240103,0400,3.5,0.0,0.0
20240103,0500,3.4,0.0,0.0
20240103,0600,3.6,0.0,0.0
20240103,0700,2.8,0.0,0.0
20240103,0800,2.2,0.0,0.0
20240103,0900,1.6,0.0,0.0
20240103,1000,1.2,0.0,0.0
20240103,1100,0.5,0.0,0.0
20240103,1200,0.0,0.0,0.0
20240103,1300,-0.5,0.0,0.0
20240103,1400,-1.1,0.0,0.0
20240103,1500,-1.4,0.0,0.0
20240103,1600,-1.7,0.0,0.0
20240103,1700,-2.1,0.0,0.0
20240103,1800,-2.4,0.0,0.0
20240103,1900,-2.6,0.0,0.0
20240103,2000,-3.0,0.0,0.0
20240103,2100,-3.1,0.0,0.0
20240103,2200,-2.6,0.0,0.0
20240103,2300,-1.5,0.0,0.0
20240104,0000,-0.4,0.0,0.0
20240104,0100,0.6,0.0,0.0
20240104,0200,1.6,0.0,0.0
20240104,0300,2.6,0.0,0.0
20240104,0400,3.8,0.0,0.0
20240104,0500,4.0,0.0,0.0
20240104,0600,4.7,0.0,0.0
20240104,0700,4.4,0.0,0.0
20240104,0800,4.5,0.0,0.0
20240104,0900,4.3,0.0,0.0
20240104,1000,4.2,0.0,0.0
20240104,1100,4.3,0.0,0.0
20240104,1200,4.4,0.0,0.0
20240104,1300,4.5,0.0,0.0
20240104,1400,4.0,0.0,0.0
20240104,1500,3.6,0.0,0.0
20240104,1600,2.9,0.0,0.0
20240104,1700,2.7,0.0,0.0
20240104,1800,3.0,0.0,0.0
20240104,1900,3.9,0.0,0.0
20240104,2000,5.0,0.0,0.0
20240104,2100,5.3,0.0,0.0
20240104,2200,5.0,0.0,0.0
20240104,2300,5.2,0.0,0.0
20240105,0000,6.0,0.0,0.0
20240105,0100,7.6,0.0,0.0
20240105,0200,8.2,0.0,0.0
20240105,0300,8.5,0.0,0.0
20240105,0400,8.6,0.0,0.0
20240105,0500,8.8,0.0,0.0
20240105,0600,7.7,0.0,0.0
20240105,0700,6.5,0.0,0.0
20240105,0800,5.2,0.0,0.0
20240105,0900,4.2,0.0,0.0
20240105,1000,3.5,0.0,0.0
20240105,1100,3.1,0.0,0.0
20240105,1200,2.6,0.0,0.0
20240105,1300,1.9,0.0,0.0
20240105,1400,1.3,0.0,0.0
20240105,1500,0.6,0.0,0.0
20240105,1600,-0.1,0.0,0.0
20240105,1700,-0.7,0.0,0.0
20240105,1800,-1.1,0.0,0.0
20240105,1900,-1.5,0.0,0.0
20240105,2000,-1.8,0.0,0.0
20240105,2100,-1.9,0.0,0.0
20240105,2200,-2.5,0.0,0.0
20240105,2300,-1.5,0.0,0.0
20240106,0000,-0.2,0.0,0.0
20240106,0100,1.3,0.0,0.0
20240106,0200,2.8,0.0,0.0
20240106,0300,3.6,0.0,0.0
20240106,0400,4.3,0.0,0.0
20240106,0500,4.6,0.0,0.0
20240106,0600,4.7,0.0,0.0
20240106,0700,3.5,0.0,0.0
20240106,0800,2.7,0.0,0.0
20240106,0900,1.0,0.0,3.0
20240106,1000,0.5,1.0,3.0
20240106,1100,0.4,1.4,0.0
20240106,1200,0.3,0.0,0.0
20240106,1300,-0.1,0.0,0.0
20240106,1400,-1.1,0.0,0.0
20240106,1500,-2.0,0.0,0.0
20240106,1600,-2.6,0.0,0.0
20240106,1700,-3.1,0.0,0.0
20240106,1800,-3.2,0.0,0.0
20240106,1900,-3.4,0.0,0.0
20240106,2000,-3.5,0.0,0.0
20240106,2100,-4.4,0.0,0.0
20240106,2200,-4.9,0.0,0.0
20240106,2300,-4.4,0.0,0.0
20240107,0000,-3.6,0.0,0.0
20240107,0100,-3.2,0.0,0.0
20240107,0200,-2.5,0.0,0.0
20240107,0300,-3.0,0.0,0.0
20240107,0400,-2.0,0.0,0.0
20240107,0500,-1.7,0.0,0.0
20240107,0600,-1.7,0.0,0.0
20240107,0700,-3.5,0.0,0.0
20240107,0800,-4.6,0.0,0.0
20240107,0900,-5.3,0.0,0.0
20240107,1000,-5.8,0.0,0.0
20240107,1100,-6.7,0.0,0.0
20240107,1200,-7.5,0.0,0.0
20240107,1300,-8.1,0.0,0.0
20240107,1400,-8.2,0.0,0.0
20240107,1500,-8.4,0.0,0.0
20240107,1600,-8.7,0.0,0.0
20240107,1700,-9.1,0.0,0.0
20240107,1800,-9.3,0.0,0.0
20240107,1900,-9.6,0.0,0.0
20240107,2000,-10.0,0.0,0.0
20240107,2100,-10.0,0.0,0.0
20240107,2200,-10.0,0.0,0.0
20240107,2300,-8.6,0.0,0.0
20240108,0000,-5.6,0.0,0.0
20240108,0100,-3.8,0.0,0.0
20240108,0200,-2.2,0.0,0.0
20240108,0300,-0.6,0.0,0.0
20240108,0400,-0.3,0.0,0.0
20240108,0500,-0.5,0.0,0.0
20240108,0600,-0.7,0.0,0.0
20240108,0700,-1.5,0.0,0.0
20240108,0800,-2.2,0.0,0.0
20240108,0900,-2.6,0.0,0.0
20240108,1000,-3.1,0.0,0.0
20240108,1100,-2.7,0.0,0.0
20240108,1200,-2.0,0.0,0.0
20240108,1300,-2.0,0.0,0.0
20240108,1400,-1.8,0.0,0.0
20240108,1500,-1.7,0.0,0.0
20240108,1600,-1.6,0.0,0.0
20240108,1700,-1.6,0.0,0.0
20240108,1800,-1.4,0.0,0.0
20240108,1900,-1.1,0.0,0.0
20240108,2000,-0.9,0.0,0.0
20240108,2100,-0.9,0.0,0.0
20240108,2200,-1.1,0.0,0.0
20240108,2300,-1.4,0.5,3.0
20240109,0000,-1.1,0.1,0.0
20240109,0100,-0.6,0.0,0.0
20240109,0200,-0.3,0.0,0.0
20240109,0300,0.0,0.4,3.0
20240109,0400,0.1,0.3,0.0
20240109,0500,0.2,0.0,0.0
20240109,0600,0.3,0.1,0.0
20240109,0700,0.3,0.2,0.0
20240109,0800,0.2,0.0,0.0
20240109,0900,0.2,0.0,0.0
20240109,1000,0.1,0.0,0.0
20240109,1100,0.1,0.0,0.0
20240109,1200,0.1,0.0,0.0
20240109,1300,0.4,0.0,0.0
20240109,1400,-0.3,0.0,0.0
20240109,1500,-1.1,0.0,0.0
20240109,1600,-1.4,0.0,0.0
20240109,1700,-1.8,0.0,0.0
20240109,1800,-2.4,0.0,0.0
20240109,1900,-3.1,0.0,0.0
20240109,2000,-3.5,0.0,0.0
20240109,2100,-3.9,0.0,0.0
20240109,2200,-3.7,0.0,0.0
20240109,2300,-3.5,0.0,0.0
20240110,0000,-2.3,0.0,0.0
20240110,0100,-0.6,0.0,0.0
20240110,0200,0.3,0.0,0.0
20240110,0300,1.8,0.0,0.0
20240110,0400,1.6,0.0,0.0
20240110,0500,2.7,0.0,0.0
20240110,0600,3.1,0.0,0.0
20240110,0700,1.8,0.0,0.0
20240110,0800,0.6,0.0,0.0
20240110,0900,0.0,0.0,0.0
20240110,1000,-0.4,0.0,0.0
20240110,1100,-0.9,0.0,0.0
20240110,1200,-1.3,0.0,0.0
20240110,1300,-1.4,0.0,0.0
20240110,1400,-1.1,0.0,0.0
20240110,1500,-1.1,0.0,0.0
20240110,1600,-1.1,0.0,0.0
20240110,1700,-1.4,0.0,0.0
20240110,1800,-1.8,0.0,0.0
20240110,1900,-1.6,0.0,0.0
20240110,2000,-2.2,0.0,0.0
20240110,2100,-1.8,0.0,0.0
20240110,2200,-1.5,0.0,0.0
20240110,2300,-0.9,0.0,0.0
20240111,0000,-0.2,0.0,0.0
20240111,0100,0.9,0.0,0.0
20240111,0200,2.4,0.0,0.0
20240111,0300,2.8,0.0,0.0
20240111,0400,3.4,0.0,0.0
20240111,0500,4.0,0.0,0.0
20240111,0600,4.5,0.0,0.0
20240111,0700,4.3,0.0,0.0
20240111,0800,4.2,0.0,0.0
20240111,0900,4.0,0.0,0.0
20240111,1000,4.0,0.0,0.0
20240111,1100,3.9,0.0,0.0
20240111,1200,3.8,0.0,0.0
20240111,1300,3.7,0.0,0.0
20240111,1400,3.6,0.0,0.0
20240111,1500,3.2,0.0,0.0
20240111,1600,2.4,0.0,0.0
20240111,1700,1.8,0.0,0.0
20240111,1800,0.9,0.0,0.0
20240111,1900,0.2,0.0,0.0
20240111,2000,-0.4,0.0,0.0
20240111,2100,-0.5,0.0,0.0
20240111,2200,-0.9,0.0,0.0
20240111,2300,-0.2,0.0,0.0
20240112,0000,0.8,0.0,0.0
20240112,0100,1.5,0.0,0.0
20240112,0200,3.1,0.0,0.0
20240112,0300,3.1,0.0,0.0
20240112,0400,3.4,0.0,0.0
20240112,0500,3.9,0.0,0.0
20240112,0600,3.7,0.0,0.0
20240112,0700,2.3,0.0,0.0
20240112,0800,1.4,0.0,0.0
20240112,0900,0.9,0.0,0.0
20240112,1000,0.5,0.0,0.0
20240112,1100,0.3,0.0,0.0
20240112,1200,-0.3,0.0,0.0
20240112,1300,-1.0,0.0,0.0
20240112,1400,-1.5,0.0,0.0
20240112,1500,-1.8,0.0,0.0
20240112,1600,-1.8,0.0,0.0
20240112,1700,-2.6,0.0,0.0
20240112,1800,-2.5,0.0,0.0
20240112,1900,-2.9,0.0,0.0
20240112,2000,-3.4,0.0,0.0
20240112,2100,-3.5,0.0,0.0
20240112,2200,-3.7,0.0,0.0
20240112,2300,-2.5,0.0,0.0
20240113,0000,-0.3,0.0,0.0
20240113,0100,1.4,0.0,0.0
20240113,0200,3.6,0.0,0.0
20240113,0300,4.1,0.0,0.0
20240113,0400,5.2,0.0,0.0
20240113,0500,6.3,0.0,0.0
20240113,0600,5.8,0.0,0.0
20240113,0700,4.5,0.0,0.0
20240113,0800,2.9,0.0,0.0
20240113,0900,1.9,0.0,0.0
20240113,1000,1.1,0.0,0.0
20240113,1100,0.6,0.0,0.0
20240113,1200,0.3,0.0,0.0
20240113,1300,-0.2,0.0,0.0
20240113,1400,-0.8,0.0,0.0
20240113,1500,-1.0,0.0,0.0
20240113,1600,-1.0,0.0,0.0
20240113,1700,-1.4,0.0,0.0
20240113,1800,-1.6,0.0,0.0
20240113,1900,-1.9,0.0,0.0
20240113,2000,-2.1,0.0,0.0
20240113,2100,-2.1,0.0,0.0
20240113,2200,-1.6,0.0,0.0
20240113,2300,-0.5,0.0,0.0
20240114,0000,0.0,0.0,0.0
20240114,0100,0.8,0.0,0.0
20240114,0200,1.2,0.1,3.0
20240114,0300,2.0,1.8,2.0
20240114,0400,1.8,0.9,2.0
20240114,0500,1.8,0.3,2.0
20240114,0600,2.4,0.0,0.0
20240114,0700,1.5,0.0,0.0
20240114,0800,1.4,0.0,0.0
20240114,0900,0.6,0.0,0.0
20240114,1000,-0.2,0.0,0.0
20240114,1100,-0.9,0.0,0.0
20240114,1200,-2.1,0.0,0.0
20240114,1300,-2.7,0.0,0.0
20240114,1400,-3.3,0.0,0.0
20240114,1500,-3.8,0.0,0.0
20240114,1600,-4.5,0.0,0.0
20240114,1700,-5.0,0.0,0.0
20240114,1800,-5.5,0.0,0.0
20240114,1900,-5.7,0.0,0.0
20240114,2000,-6.3,0.0,0.0
20240114,2100,-6.6,0.0,0.0
20240114,2200,-6.8,0.0,0.0
20240114,2300,-6.0,0.0,0.0
20240115,0000,-4.8,0.0,0.0
20240115,0100,-3.1,0.0,0.0
20240115,0200,-2.2,0.0,0.0
20240115,0300,-0.8,0.0,0.0
20240115,0400,-0.4,0.0,0.0
20240115,0500,0.6,0.0,0.0
20240115,0600,0.9,0.0,0.0
20240115,0700,-0.6,0.0,0.0
20240115,0800,-1.6,0.0,0.0
20240115,0900,-2.2,0.0,0.0
20240115,1000,-2.7,0.0,0.0
20240115,1100,-3.7,0.0,0.0
20240115,1200,-4.2,0.0,0.0
20240115,1300,-4.7,0.0,0.0
20240115,1400,-4.9,0.0,0.0
20240115,1500,-5.4,0.0,0.0
20240115,1600,-5.7,0.0,0.0
20240115,1700,-6.2,0.0,0.0
20240115,1800,-6.6,0.0,0.0
20240115,1900,-6.8,0.0,0.0
20240115,2000,-6.9,0.0,0.0
20240115,2100,-7.0,0.0,0.0
20240115,2200,-7.1,0.0,0.0
20240115,2300,-5.7,0.0,0.0
20240116,0000,-3.2,0.0,0.0
20240116,0100,-1.2,0.0,0.0
20240116,0200,0.1,0.0,0.0
20240116,0300,1.0,0.0,0.0
20240116,0400,2.4,0.0,0.0
20240116,0500,4.3,0.0,0.0
20240116,0600,3.7,0.0,0.0
20240116,0700,2.6,0.0,0.0
20240116,0800,1.4,0.0,0.0
20240116,0900,0.6,0.0,0.0
20240116,1000,0.0,0.0,0.0
20240116,1100,-0.6,0.0,0.0
20240116,1200,-0.9,0.0,0.0
20240116,1300,-1.7,0.0,0.0
20240116,1400,-1.9,0.0,0.0
20240116,1500,-2.2,0.0,0.0
20240116,1600,-1.3,0.0,0.0
20240116,1700,-0.8,0.0,0.0
20240116,1800,-0.6,0.0,0.0
20240116,1900,-0.5,0.0,0.0
20240116,2000,-0.4,0.0,0.0
20240116,2100,-0.3,0.0,0.0
20240116,2200,0.0,0.0,0.0
20240116,2300,0.3,0.0,0.0
20240117,0000,1.0,0.0,0.0
20240117,0100,1.5,0.0,0.0
20240117,0200,0.7,0.6,3.0
20240117,0300,0.8,1.2,3.0
20240117,0400,0.8,0.7,3.0
20240117,0500,0.8,1.8,3.0
20240117,0600,0.9,0.8,3.0
20240117,0700,1.1,0.3,0.0
20240117,0800,1.3,0.5,2.0
20240117,0900,1.5,0.4,2.0
20240117,1000,1.6,0.6,0.0
20240117,1100,1.7,0.1,0.0
20240117,1200,1.9,0.8,2.0
20240117,1300,1.8,1.0,2.0
20240117,1400,1.8,1.0,2.0
20240117,1500,1.7,0.3,0.0
20240117,1600,1.8,0.1,0.0
20240117,1700,1.8,0.0,0.0
20240117,1800,1.9,0.0,0.0
20240117,1900,1.9,0.0,0.0
20240117,2000,1.7,0.0,0.0
20240117,2100,1.5,0.0,0.0
20240117,2200,1.5,0.0,0.0
20240117,2300,1.5,0.0,0.0
20240118,0000,1.9,0.0,0.0
20240118,0100,3.4,0.0,0.0
20240118,0200,5.7,0.0,0.0
20240118,0300,6.9,0.0,0.0
20240118,0400,8.0,0.0,0.0
20240118,0500,8.8,0.0,0.0
20240118,0600,9.4,0.0,0.0
20240118,0700,8.6,0.0,0.0
20240118,0800,7.3,0.0,0.0
20240118,0900,6.2,0.0,0.0
20240118,1000,5.3,0.0,0.0
20240118,1100,4.9,0.0,0.0
20240118,1200,4.7,0.0,0.0
20240118,1300,4.4,0.0,0.0
20240118,1400,4.4,0.0,0.0
20240118,1500,4.5,0.0,0.0
20240118,1600,4.5,0.0,0.0
20240118,1700,4.4,0.0,0.0
20240118,1800,4.5,0.0,0.0
20240118,1900,4.6,0.0,0.0
20240118,2000,4.6,0.0,0.0
20240118,2100,4.5,0.0,0.0
20240118,2200,4.1,0.0,0.0
20240118,2300,4.7,0.0,0.0
20240119,0000,6.3,0.0,0.0
20240119,0100,7.8,0.0,0.0
20240119,0200,7.5,0.0,0.0
20240119,0300,8.1,0.0,0.0
20240119,0400,8.3,0.0,0.0
20240119,0500,8.2,0.0,0.0
20240119,0600,7.8,0.0,0.0
20240119,0700,6.3,0.0,0.0
20240119,0800,5.1,0.0,0.0
20240119,0900,4.5,0.0,0.0
20240119,1000,4.2,0.0,0.0
20240119,1100,4.1,0.0,0.0
20240119,1200,4.2,0.0,0.0
20240119,1300,4.2,0.0,0.0
20240119,1400,3.9,0.0,0.0
20240119,1500,3.8,0.0,0.0
20240119,1600,3.8,0.0,0.0
20240119,1700,3.7,0.0,0.0
20240119,1800,3.6,0.0,0.0
20240119,1900,3.5,0.0,0.0
20240119,2000,3.6,0.0,0.0
20240119,2100,3.6,0.0,0.0
20240119,2200,3.7,0.0,0.0
20240119,2300,3.9,0.0,0.0
20240120,0000,4.2,0.0,0.0
20240120,0100,4.5,0.0,0.0
20240120,0200,4.8,0.0,0.0
20240120,0300,4.9,0.0,0.0
20240120,0400,4.4,0.0,0.0
20240120,0500,4.5,0.0,0.0
20240120,0600,3.7,0.0,0.0
20240120,0700,2.9,0.0,0.0
20240120,0800,2.2,0.3,2.0
20240120,0900,1.9,0.1,0.0
20240120,1000,2.1,0.0,0.0
20240120,1100,2.2,0.0,0.0
20240120,1200,2.3,0.0,0.0
20240120,1300,2.4,0.0,0.0
20240120,1400,2.5,0.0,0.0
20240120,1500,2.3,0.0,0.0
20240120,1600,2.1,0.0,0.0
20240120,1700,2.0,0.0,0.0
20240120,1800,2.0,0.0,0.0
20240120,1900,2.1,0.0,0.0
20240120,2000,2.0,0.0,0.0
20240120,2100,2.0,0.0,0.0
20240120,2200,2.0,0.0,0.0
20240120,2300,2.4,0.0,0.0
20240121,0000,2.9,0.0,0.0
20240121,0100,3.8,0.0,0.0
20240121,0200,4.3,0.0,0.0
20240121,0300,4.1,0.0,0.0
20240121,0400,3.3,0.1,0.0
20240121,0500,2.8,0.1,0.0
20240121,0600,2.5,0.2,0.0
20240121,0700,2.3,0.0,0.0
20240121,0800,2.2,0.0,0.0
20240121,0900,2.1,0.0,0.0
20240121,1000,0.9,0.0,0.0
20240121,1100,-0.3,0.0,0.0
20240121,1200,-1.1,0.0,0.0
20240121,1300,-1.9,0.0,0.0
20240121,1400,-2.4,0.0,0.0
20240121,1500,-3.0,0.0,0.0
20240121,1600,-3.8,0.0,0.0
20240121,1700,-4.5,0.0,0.0
20240121,1800,-5.8,0.0,0.0
20240121,1900,-7.0,0.1,3.0
20240121,2000,-7.9,0.1,3.0
20240121,2100,-8.2,0.0,0.0
20240121,2200,-8.5,0.0,0.0
20240121,2300,-8.8,0.0,0.0
20240122,0000,-8.7,0.0,0.0
20240122,0100,-8.3,0.0,0.0
20240122,0200,-7.8,0.0,0.0
20240122,0300,-7.6,0.0,0.0
20240122,0400,-7.0,0.0,0.0
20240122,0500,-7.5,0.0,0.0
20240122,0600,-7.6,0.0,0.0
20240122,0700,-8.5,0.0,0.0
20240122,0800,-9.6,0.0,0.0
20240122,0900,-10.4,0.0,0.0
20240122,1000,-10.9,0.0,0.0
20240122,1100,-11.3,0.0,0.0
20240122,1200,-11.5,0.0,0.0
20240122,1300,-11.6,0.0,0.0
20240122,1400,-11.9,0.0,0.0
20240122,1500,-12.4,0.0,0.0
20240122,1600,-12.7,0.0,0.0
20240122,1700,-13.1,0.0,0.0
20240122,1800,-13.5,0.0,0.0
20240122,1900,-13.7,0.0,0.0
20240122,2000,-13.8,0.0,0.0
20240122,2100,-13.8,0.0,0.0
20240122,2200,-13.9,0.0,0.0
20240122,2300,-13.3,0.0,0.0
20240123,0000,-12.0,0.0,0.0
20240123,0100,-11.1,0.0,0.0
20240123,0200,-10.2,0.0,0.0
20240123,0300,-9.6,0.0,0.0
20240123,0400,-9.2,0.0,0.0
20240123,0500,-8.7,0.0,0.0
20240123,0600,-8.7,0.0,0.0
20240123,0700,-9.8,0.0,0.0
20240123,0800,-10.8,0.0,0.0
20240123,0900,-11.3,0.0,0.0
20240123,1000,-11.7,0.0,0.0
20240123,1100,-11.8,0.0,0.0
20240123,1200,-11.7,0.0,0.0
20240123,1300,-11.2,0.0,0.0
20240123,1400,-11.0,0.0,0.0
20240123,1500,-11.0,0.0,0.0
20240123,1600,-10.7,0.0,0.0
20240123,1700,-10.5,0.0,0.0
20240123,1800,-10.7,0.0,0.0
20240123,1900,-10.7,0.0,0.0
20240123,2000,-10.9,0.0,0.0
20240123,2100,-11.0,0.0,0.0
20240123,2200,-11.1,0.0,0.0
20240123,2300,-10.3,0.0,0.0
20240124,0000,-9.2,0.0,0.0
20240124,0100,-7.9,0.0,0.0
20240124,0200,-6.7,0.0,0.0
20240124,0300,-5.5,0.0,0.0
20240124,0400,-4.3,0.0,0.0
20240124,0500,-4.1,0.0,0.0
20240124,0600,-4.0,0.0,0.0
20240124,0700,-4.8,0.0,0.0
20240124,0800,-5.7,0.0,0.0
20240124,0900,-6.3,0.0,0.0
20240124,1000,-6.8,0.0,0.0
20240124,1100,-7.2,0.0,0.0
20240124,1200,-7.5,0.0,0.0
20240124,1300,-7.9,0.0,0.0
20240124,1400,-8.4,0.0,0.0
20240124,1500,-8.7,0.0,0.0
20240124,1600,-8.8,0.0,0.0
20240124,1700,-8.9,0.0,0.0
20240124,1800,-8.7,0.0,0.0
20240124,1900,-9.0,0.0,0.0
20240124,2000,-9.5,0.0,0.0
20240124,2100,-9.5,0.0,0.0
20240124,2200,-9.2,0.0,0.0
20240124,2300,-8.0,0.0,0.0
20240125,0000,-6.6,0.0,0.0
20240125,0100,-5.5,0.0,0.0
20240125,0200,-3.8,0.0,0.0
20240125,0300,-2.5,0.0,0.0
20240125,0400,-1.4,0.0,0.0
20240125,0500,-0.6,0.0,0.0
20240125,0600,-0.7,0.0,0.0
20240125,0700,-1.4,0.0,0.0
20240125,0800,-2.3,0.0,0.0
20240125,0900,-2.7,0.0,0.0
20240125,1000,-3.1,0.0,0.0
20240125,1100,-3.4,0.0,0.0
20240125,1200,-3.9,0.0,0.0
20240125,1300,-4.4,0.0,0.0
20240125,1400,-4.8,0.0,0.0
20240125,1500,-5.2,0.0,0.0
20240125,1600,-5.5,0.0,0.0
20240125,1700,-5.4,0.0,0.0
20240125,1800,-6.0,0.0,0.0
20240125,1900,-6.1,0.0,0.0
20240125,2000,-6.3,0.0,0.0
20240125,2100,-6.7,0.0,0.0
20240125,2200,-6.7,0.0,0.0
20240125,2300,-5.3,0.0,0.0
20240126,0000,-2.5,0.0,0.0
20240126,0100,0.3,0.0,0.0
20240126,0200,1.6,0.0,0.0
20240126,0300,2.1,0.0,0.0
20240126,0400,3.5,0.0,0.0
20240126,0500,3.2,0.0,0.0
20240126,0600,3.5,0.0,0.0
20240126,0700,2.3,0.0,0.0
20240126,0800,1.2,0.0,0.0
20240126,0900,0.3,0.0,0.0
20240126,1000,-0.3,0.0,0.0
20240126,1100,-0.9,0.0,0.0
20240126,1200,-1.4,0.0,0.0
20240126,1300,-1.2,0.0,0.0
20240126,1400,-1.6,0.0,0.0
20240126,1500,-2.0,0.0,0.0
20240126,1600,-2.1,0.0,0.0
20240126,1700,-2.2,0.0,0.0
20240126,1800,-2.8,0.0,0.0
20240126,1900,-3.4,0.0,0.0
20240126,2000,-3.7,0.0,0.0
20240126,2100,-4.2,0.0,0.0
20240126,2200,-4.5,0.0,0.0
20240126,2300,-3.5,0.0,0.0
20240127,0000,-0.9,0.0,0.0
20240127,0100,0.8,0.0,0.0
20240127,0200,2.3,0.0,0.0
20240127,0300,3.5,0.0,0.0
20240127,0400,3.8,0.0,0.0
20240127,0500,4.1,0.0,0.0
20240127,0600,3.3,0.0,0.0
20240127,0700,2.5,0.0,0.0
20240127,0800,1.3,0.0,0.0
20240127,0900,0.4,0.0,0.0
20240127,1000,-0.2,0.0,0.0
20240127,1100,-0.5,0.0,0.0
20240127,1200,-0.8,0.0,0.0
20240127,1300,-1.2,0.0,0.0
20240127,1400,-1.2,0.0,0.0
20240127,1500,-1.8,0.0,0.0
20240127,1600,-2.7,0.0,0.0
20240127,1700,-3.3,0.0,0.0
20240127,1800,-3.7,0.0,0.0
20240127,1900,-4.2,0.0,0.0
20240127,2000,-4.5,0.0,0.0
20240127,2100,-4.7,0.0,0.0
20240127,2200,-4.7,0.0,0.0
20240127,2300,-3.8,0.0,0.0
20240128,0000,-0.9,0.0,0.0
20240128,0100,0.0,0.0,0.0
20240128,0200,0.8,0.0,0.0
20240128,0300,2.2,0.0,0.0
20240128,0400,3.0,0.0,0.0
20240128,0500,3.5,0.0,0.0
20240128,0600,3.3,0.0,0.0
20240128,0700,2.0,0.0,0.0
20240128,0800,0.6,0.0,0.0
20240128,0900,-0.4,0.0,0.0
20240128,1000,-1.0,0.0,0.0
20240128,1100,-1.5,0.0,0.0
20240128,1200,-1.9,0.0,0.0
20240128,1300,-2.2,0.0,0.0
20240128,1400,-2.9,0.0,0.0
20240128,1500,-3.2,0.0,0.0
20240128,1600,-3.4,0.0,0.0
20240128,1700,-3.6,0.0,0.0
20240128,1800,-3.9,0.0,0.0
20240128,1900,-4.1,0.0,0.0
20240128,2000,-4.4,0.0,0.0
20240128,2100,-4.6,0.0,0.0
20240128,2200,-4.6,0.0,0.0
20240128,2300,-3.4,0.0,0.0
20240129,0000,-0.9,0.0,0.0
20240129,0100,1.3,0.0,0.0
20240129,0200,2.1,0.0,0.0
20240129,0300,3.5,0.0,0.0
20240129,0400,4.0,0.0,0.0
20240129,0500,4.1,0.0,0.0
20240129,0600,4.2,0.0,0.0
20240129,0700,3.0,0.0,0.0
20240129,0800,1.9,0.0,0.0
20240129,0900,1.2,0.0,0.0
20240129,1000,0.8,0.0,0.0
20240129,1100,0.5,0.0,0.0
20240129,1200,0.0,0.0,0.0
20240129,1300,-0.5,0.0,0.0
20240129,1400,-0.9,0.0,0.0
20240129,1500,-1.4,0.0,0.0
20240129,1600,-1.8,0.0,0.0
20240129,1700,-2.0,0.0,0.0
20240129,1800,-2.4,0.0,0.0
20240129,1900,-2.9,0.0,0.0
20240129,2000,-3.3,0.0,0.0
20240129,2100,-3.7,0.0,0.0
20240129,2200,-3.8,0.0,0.0
20240129,2300,-2.5,0.0,0.0
20240130,0000,0.6,0.0,0.0
20240130,0100,2.4,0.0,0.0
20240130,0200,3.8,0.0,0.0
20240130,0300,5.6,0.0,0.0
20240130,0400,6.2,0.0,0.0
20240130,0500,7.1,0.0,0.0
20240130,0600,7.7,0.0,0.0
20240130,0700,7.0,0.0,0.0
20240130,0800,5.1,0.0,0.0
20240130,0900,3.9,0.0,0.0
20240130,1000,3.1,0.0,0.0
20240130,1100,2.4,0.0,0.0
20240130,1200,1.5,0.0,0.0
20240130,1300,1.1,0.0,0.0
20240130,1400,0.8,0.0,0.0
20240130,1500,1.1,0.0,0.0
20240130,1600,1.6,0.0,0.0
20240130,1700,1.5,0.0,0.0
20240130,1800,1.3,0.0,0.0
20240130,1900,1.4,0.0,0.0
20240130,2000,1.4,0.0,0.0
20240130,2100,1.4,0.0,0.0
20240130,2200,1.4,0.0,0.0
20240130,2300,2.3,0.0,0.0
20240131,0000,4.7,0.0,0.0
20240131,0100,6.9,0.0,0.0
20240131,0200,8.4,0.0,0.0
20240131,0300,9.5,0.0,0.0
20240131,0400,9.9,0.0,0.0
20240131,0500,10.1,0.0,0.0
20240131,0600,9.6,0.0,0.0
20240131,0700,8.3,0.0,0.0
20240131,0800,6.9,0.0,0.0
20240131,0900,5.8,0.0,0.0
20240131,1000,4.9,0.0,0.0
20240131,1100,4.2,0.0,0.0
20240131,1200,3.5,0.0,0.0
20240131,1300,3.5,0.0,0.0
20240131,1400,2.7,0.0,0.0
20240131,1500,2.0,0.0,0.0
20240131,1600,1.3,0.0,0.0
20240131,1700,0.5,0.0,0.0
20240131,1800,0.2,0.0,0.0
20240131,1900,0.0,0.0,0.0
20240131,2000,-0.6,0.0,0.0
20240131,2100,-1.2,0.0,0.0
20240131,2200,-1.1,0.0,0.0
20240131,2300,-0.6,0.0,0.0
20250101,0000,0.9,0.0,0.0
20250101,0100,2.8,0.0,0.0
20250101,0200,6.2,0.0,0.0
20250101,0300,8.1,0.0,0.0
20250101,0400,7.7,0.0,0.0
20250101,0500,8.6,0.0,0.0
20250101,0600,8.6,0.0,0.0
20250101,0700,7.4,0.0,0.0
20250101,0800,5.8,0.0,0.0
20250101,0900,4.9,0.0,0.0
20250101,1000,3.8,0.0,0.0
20250101,1100,3.4,0.0,0.0
20250101,1200,3.1,0.0,0.0
20250101,1300,2.2,0.0,0.0
20250101,1400,1.0,0.0,0.0
20250101,1500,0.5,0.0,0.0
20250101,1600,-0.3,0.0,0.0
20250101,1700,-1.2,0.0,0.0
20250101,1800,-1.4,0.0,0.0
20250101,1900,-2.0,0.0,0.0
20250101,2000,-2.3,0.0,0.0
20250101,2100,-2.7,0.0,0.0
20250101,2200,-2.6,0.0,0.0
20250101,2300,-2.4,0.0,0.0
20250102,0000,-0.6,0.0,0.0
20250102,0100,1.6,0.0,0.0
20250102,0200,3.0,0.0,0.0
20250102,0300,4.6,0.0,0.0
20250102,0400,5.1,0.0,0.0
20250102,0500,5.5,0.0,0.0
20250102,0600,5.4,0.0,0.0
20250102,0700,4.3,0.0,0.0
20250102,0800,2.9,0.0,0.0
20250102,0900,2.1,0.0,0.0
20250102,1000,1.1,0.0,0.0
20250102,1100,0.2,0.0,0.0
20250102,1200,-0.2,0.0,0.0
20250102,1300,-0.4,0.0,0.0
20250102,1400,-1.7,0.0,0.0
20250102,1500,-2.5,0.0,0.0
20250102,1600,-3.3,0.0,0.0
20250102,1700,-3.6,0.0,0.0
20250102,1800,-4.2,0.0,0.0
20250102,1900,-4.5,0.0,0.0
20250102,2000,-4.8,0.0,0.0
20250102,2100,-4.9,0.0,0.0
20250102,2200,-4.5,0.0,0.0
20250102,2300,-4.3,0.0,0.0
20250103,0000,-2.7,0.0,0.0
20250103,0100,-0.3,0.0,0.0
20250103,0200,1.7,0.0,0.0
20250103,0300,1.6,0.0,0.0
20250103,0400,2.3,0.0,0.0
20250103,0500,2.4,0.0,0.0
20250103,0600,3.1,0.0,0.0
20250103,0700,2.4,0.0,0.0
20250103,0800,1.2,0.0,0.0
20250103,0900,1.0,0.0,0.0
20250103,1000,0.5,0.0,0.0
20250103,1100,0.3,0.0,0.0
20250103,1200,0.5,0.0,0.0
20250103,1300,-0.4,0.0,0.0
20250103,1400,-1.7,0.0,0.0
20250103,1500,-2.3,0.0,0.0
20250103,1600,-2.8,0.0,0.0
20250103,1700,-3.3,0.0,0.0
20250103,1800,-4.1,0.0,0.0
20250103,1900,-4.0,0.0,0.0
20250103,2000,-4.8,0.0,0.0
20250103,2100,-4.9,0.0,0.0
20250103,2200,-5.2,0.0,0.0
20250103,2300,-4.8,0.0,0.0
20250104,0000,-2.4,0.0,0.0
20250104,0100,0.2,0.0,0.0
20250104,0200,3.1,0.0,0.0
20250104,0300,4.1,0.0,0.0
20250104,0400,4.9,0.0,0.0
20250104,0500,5.5,0.0,0.0
20250104,0600,5.5,0.0,0.0
20250104,0700,3.7,0.0,0.0
20250104,0800,3.1,0.0,0.0
20250104,0900,2.5,0.0,0.0
20250104,1000,1.5,0.0,0.0
20250104,1100,0.9,0.0,0.0
20250104,1200,0.5,0.0,0.0
20250104,1300,0.0,0.0,0.0
20250104,1400,-0.2,0.0,0.0
20250104,1500,-0.4,0.0,0.0
20250104,1600,-0.6,0.0,0.0
20250104,1700,0.0,0.0,0.0
20250104,1800,0.7,0.0,0.0
20250104,1900,0.7,0.0,0.0
20250104,2000,0.8,0.1,3.0
20250104,2100,-0.1,0.4,3.0
20250104,2200,-0.1,1.1,3.0
20250104,2300,-0.2,2.7,3.0
20250105,0000,0.0,0.4,3.0
20250105,0100,0.3,0.6,3.0
20250105,0200,0.6,0.3,3.0
20250105,0300,0.8,0.9,3.0
20250105,0400,1.1,0.2,0.0
20250105,0500,1.8,0.0,0.0
20250105,0600,1.8,0.0,0.0
20250105,0700,1.9,0.0,0.0
20250105,0800,1.9,0.0,0.0
20250105,0900,2.0,0.0,0.0
20250105,1000,2.1,0.0,0.0
20250105,1100,2.2,0.0,0.0
20250105,1200,2.3,0.0,0.0
20250105,1300,2.4,0.0,0.0
20250105,1400,2.4,0.0,0.0
20250105,1500,2.5,0.0,0.0
20250105,1600,2.6,0.0,0.0
20250105,1700,2.7,0.9,1.0
20250105,1800,2.4,1.8,1.0
20250105,1900,2.3,0.3,0.0
20250105,2000,2.2,0.0,0.0
20250105,2100,2.2,0.0,0.0
20250105,2200,2.3,0.0,0.0
20250105,2300,2.5,0.0,0.0
20250106,0000,2.2,0.0,0.0
20250106,0100,2.3,0.0,0.0
20250106,0200,2.5,0.0,0.0
20250106,0300,3.0,0.0,0.0
20250106,0400,2.8,0.0,0.0
20250106,0500,2.5,0.0,0.0
20250106,0600,1.9,0.0,0.0
20250106,0700,1.4,0.0,0.0
20250106,0800,0.2,0.0,0.0
20250106,0900,-0.4,0.0,0.0
20250106,1000,-1.1,0.0,0.0
20250106,1100,-1.6,0.0,0.0
20250106,1200,-2.3,0.0,0.0
20250106,1300,-2.6,0.0,0.0
20250106,1400,-2.9,0.0,0.0
20250106,1500,-3.0,0.0,0.0
20250106,1600,-3.5,0.0,0.0
20250106,1700,-3.8,0.0,0.0
20250106,1800,-4.1,0.0,0.0
20250106,1900,-4.3,0.0,0.0
20250106,2000,-4.9,0.0,0.0
20250106,2100,-5.0,0.0,0.0
20250106,2200,-5.5,0.0,0.0
20250106,2300,-5.2,0.0,0.0
20250107,0000,-3.4,0.0,0.0
20250107,0100,-1.6,0.0,0.0
20250107,0200,-0.4,0.0,0.0
20250107,0300,0.2,0.0,0.0
20250107,0400,0.6,0.0,0.0
20250107,0500,1.2,0.0,0.0
20250107,0600,0.0,0.0,0.0
20250107,0700,-0.2,0.0,0.0
20250107,0800,-0.6,0.0,0.0
20250107,0900,-1.2,0.1,0.0
20250107,1000,-1.5,0.0,0.0
20250107,1100,-1.8,0.0,0.0
20250107,1200,-2.3,0.0,0.0
20250107,1300,-3.5,0.0,0.0
20250107,1400,-4.1,0.0,0.0
20250107,1500,-4.4,0.0,0.0
20250107,1600,-4.4,0.0,0.0
20250107,1700,-4.2,0.0,0.0
20250107,1800,-4.1,0.0,0.0
20250107,1900,-4.4,0.0,0.0
20250107,2000,-4.3,0.0,0.0
20250107,2100,-4.3,0.0,0.0
20250107,2200,-4.7,0.0,0.0
20250107,2300,-4.1,0.0,0.0
20250108,0000,-2.8,0.0,0.0
20250108,0100,-1.9,0.0,0.0
20250108,0200,-1.0,0.0,0.0
20250108,0300,-0.2,0.0,0.0
20250108,0400,0.0,0.0,0.0
20250108,0500,0.1,0.0,0.0
20250108,0600,-0.1,0.0,0.0
20250108,0700,-0.5,0.0,0.0
20250108,0800,-1.7,0.0,0.0
20250108,0900,-2.6,0.0,0.0
20250108,1000,-3.9,0.0,0.0
20250108,1100,-5.0,0.0,0.0
20250108,1200,-5.6,0.0,0.0
20250108,1300,-5.6,0.0,0.0
20250108,1400,-6.0,0.0,0.0
20250108,1500,-7.3,0.0,0.0
20250108,1600,-7.9,0.0,0.0
20250108,1700,-8.3,0.0,0.0
20250108,1800,-8.7,0.0,0.0
20250108,1900,-9.0,0.0,0.0
20250108,2000,-9.3,0.0,0.0
20250108,2100,-9.6,0.0,0.0
20250108,2200,-10.0,0.0,0.0
20250108,2300,-10.0,0.0,0.0
20250109,0000,-9.4,0.0,0.0
20250109,0100,-8.5,0.0,0.0
20250109,0200,-7.7,0.0,0.0
20250109,0300,-8.4,0.0,0.0
20250109,0400,-7.7,0.0,0.0
20250109,0500,-8.2,0.0,0.0
20250109,0600,-8.4,0.0,0.0
20250109,0700,-9.2,0.0,0.0
20250109,0800,-10.0,0.0,0.0
20250109,0900,-10.5,0.0,0.0
20250109,1000,-10.9,0.0,0.0
20250109,1100,-11.3,0.0,0.0
20250109,1200,-11.3,0.0,0.0
20250109,1300,-11.4,0.0,0.0
20250109,1400,-11.4,0.0,0.0
20250109,1500,-11.5,0.0,0.0
20250109,1600,-11.5,0.0,0.0
20250109,1700,-11.4,0.0,0.0
20250109,1800,-11.6,0.0,0.0
20250109,1900,-11.5,0.0,0.0
20250109,2000,-11.4,0.0,0.0
20250109,2100,-11.8,0.0,0.0
20250109,2200,-11.9,0.0,0.0
20250109,2300,-11.5,0.0,0.0
20250110,0000,-9.2,0.0,0.0
20250110,0100,-7.7,0.0,0.0
20250110,0200,-6.0,0.0,0.0
20250110,0300,-5.3,0.0,0.0
20250110,0400,-3.3,0.0,0.0
20250110,0500,-2.1,0.3,3.0
20250110,0600,-1.8,0.0,0.0
20250110,0700,-2.6,0.0,0.0
20250110,0800,-4.0,0.0,0.0
20250110,0900,-4.9,0.0,0.0
20250110,1000,-5.4,0.0,0.0
20250110,1100,-6.0,0.0,0.0
20250110,1200,-5.8,0.0,0.0
20250110,1300,-5.9,0.0,0.0
20250110,1400,-6.0,0.0,0.0
20250110,1500,-6.1,0.0,0.0
20250110,1600,-6.7,0.0,0.0
20250110,1700,-7.4,0.0,0.0
20250110,1800,-8.0,0.0,0.0
20250110,1900,-8.4,0.0,0.0
20250110,2000,-8.9,0.0,0.0
20250110,2100,-9.1,0.0,0.0
20250110,2200,-9.3,0.0,0.0
20250110,2300,-8.9,0.0,0.0
20250111,0000,-6.6,0.0,0.0
20250111,0100,-4.2,0.0,0.0
20250111,0200,-2.8,0.0,0.0
20250111,0300,-1.2,0.0,0.0
20250111,0400,0.1,0.0,0.0
20250111,0500,0.3,0.0,0.0
20250111,0600,-0.4,0.0,0.0
20250111,0700,-1.1,0.0,0.0
20250111,0800,-2.3,0.0,0.0
20250111,0900,-3.1,0.0,0.0
20250111,1000,-3.7,0.0,0.0
20250111,1100,-4.7,0.0,0.0
20250111,1200,-5.2,0.0,0.0
20250111,1300,-5.8,0.0,0.0
20250111,1400,-6.0,0.0,0.0
20250111,1500,-5.9,0.0,0.0
20250111,1600,-6.2,0.0,0.0
20250111,1700,-6.6,0.0,0.0
20250111,1800,-6.9,0.0,0.0
20250111,1900,-7.3,0.0,0.0
20250111,2000,-7.5,0.0,0.0
20250111,2100,-7.8,0.0,0.0
20250111,2200,-8.1,0.0,0.0
20250111,2300,-7.8,0.0,0.0
20250112,0000,-5.8,0.0,0.0
20250112,0100,-3.3,0.0,0.0
20250112,0200,-1.5,0.0,0.0
20250112,0300,0.8,0.0,0.0
20250112,0400,1.8,0.0,0.0
20250112,0500,1.8,0.0,0.0
20250112,0600,1.7,0.0,0.0
20250112,0700,1.3,0.0,0.0
20250112,0800,0.0,0.0,0.0
20250112,0900,-0.7,0.0,0.0
20250112,1000,-1.3,0.0,0.0
20250112,1100,-2.3,0.0,0.0
20250112,1200,-3.1,0.0,0.0
20250112,1300,-3.1,0.0,0.0
20250112,1400,-3.2,0.0,0.0
20250112,1500,-3.9,0.0,0.0
20250112,1600,-4.3,0.0,0.0
20250112,1700,-4.5,0.0,0.0
20250112,1800,-5.0,0.0,0.0
20250112,1900,-5.2,0.0,0.0
20250112,2000,-5.4,0.0,0.0
20250112,2100,-5.1,0.0,0.0
20250112,2200,-4.2,0.0,0.0
20250112,2300,-3.5,0.0,0.0
20250113,0000,-2.4,0.0,0.0
20250113,0100,-0.9,0.0,0.0
20250113,0200,0.8,0.0,0.0
20250113,0300,2.1,0.0,0.0
20250113,0400,4.0,0.0,0.0
20250113,0500,3.9,0.0,0.0
20250113,0600,3.8,0.0,0.0
20250113,0700,2.2,0.5,2.0
20250113,0800,2.1,0.3,2.0
20250113,0900,1.6,0.5,2.0
20250113,1000,1.6,0.0,0.0
20250113,1100,1.7,0.0,0.0
20250113,1200,1.6,0.0,0.0
20250113,1300,1.7,0.0,0.0
20250113,1400,1.7,0.0,0.0
20250113,1500,1.7,0.0,0.0
20250113,1600,1.8,0.0,0.0
20250113,1700,1.8,0.0,0.0
20250113,1800,1.8,0.0,0.0
20250113,1900,2.0,0.0,0.0
20250113,2000,1.8,0.1,0.0
20250113,2100,1.1,0.0,0.0
20250113,2200,0.8,0.0,0.0
20250113,2300,1.1,0.0,0.0
20250114,0000,1.7,0.0,0.0
20250114,0100,2.7,0.0,0.0
20250114,0200,4.6,0.0,0.0
20250114,0300,5.0,0.0,0.0
20250114,0400,4.7,0.0,0.0
20250114,0500,4.8,0.0,0.0
20250114,0600,4.9,0.0,0.0
20250114,0700,4.4,0.0,0.0
20250114,0800,3.8,0.0,0.0
20250114,0900,3.4,0.0,0.0
20250114,1000,2.7,0.0,0.0
20250114,1100,1.8,0.0,0.0
20250114,1200,0.3,0.0,0.0
20250114,1300,-0.9,0.0,0.0
20250114,1400,-1.5,0.0,0.0
20250114,1500,-2.1,0.0,0.0
20250114,1600,-2.6,0.0,0.0
20250114,1700,-3.1,0.0,0.0
20250114,1800,-3.5,0.0,0.0
20250114,1900,-4.0,0.0,0.0
20250114,2000,-4.6,0.0,0.0
20250114,2100,-4.9,0.0,0.0
20250114,2200,-5.1,0.0,0.0
20250114,2300,-4.7,0.0,0.0
20250115,0000,-3.8,0.0,0.0
20250115,0100,-3.1,0.0,0.0
20250115,0200,-2.2,0.0,0.0
20250115,0300,-1.6,0.0,0.0
20250115,0400,-1.5,0.0,0.0
20250115,0500,-1.3,0.0,0.0
20250115,0600,-0.8,0.0,0.0
20250115,0700,-1.5,0.0,0.0
20250115,0800,-2.5,0.0,0.0
20250115,0900,-2.9,0.0,0.0
20250115,1000,-3.3,0.0,0.0
20250115,1100,-3.7,0.0,0.0
20250115,1200,-4.3,0.0,0.0
20250115,1300,-4.9,0.0,0.0
20250115,1400,-4.8,0.0,0.0
20250115,1500,-4.6,0.0,0.0
20250115,1600,-4.0,0.0,0.0
20250115,1700,-3.8,0.0,0.0
20250115,1800,-3.5,0.0,0.0
20250115,1900,-3.4,0.0,0.0
20250115,2000,-3.3,0.0,0.0
20250115,2100,-3.2,0.0,0.0
20250115,2200,-2.9,0.0,0.0
20250115,2300,-2.5,0.0,0.0
20250116,0000,-2.0,0.0,0.0
20250116,0100,-1.1,0.0,0.0
20250116,0200,0.0,0.0,0.0
20250116,0300,1.0,0.0,0.0
20250116,0400,2.5,0.0,0.0
20250116,0500,2.8,0.0,0.0
20250116,0600,2.6,0.0,0.0
20250116,0700,2.4,0.0,0.0
20250116,0800,2.5,0.0,0.0
20250116,0900,2.1,0.0,0.0
20250116,1000,1.9,0.0,0.0
20250116,1100,1.6,0.0,0.0
20250116,1200,0.9,0.0,0.0
20250116,1300,-0.1,0.0,0.0
20250116,1400,-0.9,0.0,0.0
20250116,1500,-1.3,0.0,0.0
20250116,1600,-2.1,0.0,0.0
20250116,1700,-3.0,0.0,0.0
20250116,1800,-3.5,0.0,0.0
20250116,1900,-3.8,0.0,0.0
20250116,2000,-4.2,0.0,0.0
20250116,2100,-4.4,0.0,0.0
20250116,2200,-4.8,0.0,0.0
20250116,2300,-4.5,0.0,0.0
20250117,0000,-2.2,0.0,0.0
20250117,0100,-0.2,0.0,0.0
20250117,0200,1.6,0.0,0.0
20250117,0300,4.3,0.0,0.0
20250117,0400,4.7,0.0,0.0
20250117,0500,4.5,0.0,0.0
20250117,0600,5.2,0.0,0.0
20250117,0700,4.5,0.0,0.0
20250117,0800,3.1,0.0,0.0
20250117,0900,2.1,0.0,0.0
20250117,1000,1.0,0.0,0.0
20250117,1100,0.2,0.0,0.0
20250117,1200,-0.4,0.0,0.0
20250117,1300,-0.8,0.0,0.0
20250117,1400,-1.1,0.0,0.0
20250117,1500,-1.6,0.0,0.0
20250117,1600,-1.9,0.0,0.0
20250117,1700,-2.0,0.0,0.0
20250117,1800,-2.5,0.0,0.0
20250117,1900,-3.0,0.0,0.0
20250117,2000,-3.4,0.0,0.0
20250117,2100,-3.4,0.0,0.0
20250117,2200,-3.8,0.0,0.0
20250117,2300,-2.9,0.0,0.0
20250118,0000,-1.1,0.0,0.0
20250118,0100,1.8,0.0,0.0
20250118,0200,3.8,0.0,0.0
20250118,0300,5.8,0.0,0.0
20250118,0400,7.4,0.0,0.0
20250118,0500,7.0,0.0,0.0
20250118,0600,6.8,0.0,0.0
20250118,0700,5.9,0.0,0.0
20250118,0800,4.3,0.0,0.0
20250118,0900,3.1,0.0,0.0
20250118,1000,2.3,0.0,0.0
20250118,1100,1.4,0.0,0.0
20250118,1200,0.8,0.0,0.0
20250118,1300,0.2,0.0,0.0
20250118,1400,-0.1,0.0,0.0
20250118,1500,-0.5,0.0,0.0
20250118,1600,-1.0,0.0,0.0
20250118,1700,-0.6,0.0,0.0
20250118,1800,0.0,0.0,0.0
20250118,1900,0.3,0.0,0.0
20250118,2000,0.6,0.0,0.0
20250118,2100,0.6,0.0,0.0
20250118,2200,0.8,0.0,0.0
20250118,2300,1.1,0.0,0.0
20250119,0000,1.7,0.0,0.0
20250119,0100,3.1,0.0,0.0
20250119,0200,4.6,0.0,0.0
20250119,0300,6.4,0.0,0.0
20250119,0400,8.4,0.0,0.0
20250119,0500,8.8,0.0,0.0
20250119,0600,8.2,0.0,0.0
20250119,0700,7.8,0.0,0.0
20250119,0800,7.0,0.0,0.0
20250119,0900,6.1,0.0,0.0
20250119,1000,5.6,0.0,0.0
20250119,1100,5.4,0.0,0.0
20250119,1200,4.9,0.0,0.0
20250119,1300,4.3,0.0,0.0
20250119,1400,3.8,0.0,0.0
20250119,1500,3.3,0.0,0.0
20250119,1600,3.0,0.0,0.0
20250119,1700,3.2,0.0,0.0
20250119,1800,3.4,0.0,0.0
20250119,1900,3.6,0.0,0.0
20250119,2000,3.7,0.0,0.0
20250119,2100,3.4,0.0,0.0
20250119,2200,3.1,0.0,0.0
20250119,2300,3.1,0.0,0.0
20250120,0000,4.2,0.0,0.0
20250120,0100,4.5,0.0,0.0
20250120,0200,5.0,0.0,0.0
20250120,0300,5.8,0.0,0.0
20250120,0400,6.8,0.0,0.0
20250120,0500,7.5,0.0,0.0
20250120,0600,7.2,0.0,0.0
20250120,0700,6.3,0.0,0.0
20250120,0800,5.1,0.0,0.0
20250120,0900,4.1,0.0,0.0
20250120,1000,3.1,0.0,0.0
20250120,1100,2.6,0.0,0.0
20250120,1200,1.9,0.0,0.0
20250120,1300,1.4,0.0,0.0
20250120,1400,0.9,0.0,0.0
20250120,1500,0.8,0.0,0.0
20250120,1600,0.4,0.0,0.0
20250120,1700,0.2,0.0,0.0
20250120,1800,0.0,0.0,0.0
20250120,1900,-0.2,0.0,0.0
20250120,2000,-0.4,0.0,0.0
20250120,2100,-0.6,0.0,0.0
20250120,2200,-0.8,0.0,0.0
20250120,2300,-0.4,0.0,0.0
20250121,0000,0.8,0.0,0.0
20250121,0100,3.0,0.0,0.0
20250121,0200,4.7,0.0,0.0
20250121,0300,5.6,0.0,0.0
20250121,0400,6.0,0.0,0.0
20250121,0500,6.1,0.0,0.0
20250121,0600,5.8,0.0,0.0
20250121,0700,5.4,0.0,0.0
20250121,0800,4.4,0.0,0.0
20250121,0900,3.2,0.0,0.0
20250121,1000,2.7,0.0,0.0
20250121,1100,2.3,0.0,0.0
20250121,1200,2.2,0.0,0.0
20250121,1300,2.4,0.0,0.0
20250121,1400,2.4,0.0,0.0
20250121,1500,2.5,0.0,0.0
20250121,1600,2.4,0.0,0.0
20250121,1700,2.1,0.0,0.0
20250121,1800,2.2,0.0,0.0
20250121,1900,2.4,0.0,0.0
20250121,2000,2.9,0.0,0.0
20250121,2100,3.4,0.0,0.0
20250121,2200,3.0,0.0,0.0
20250121,2300,2.8,0.0,0.0
20250122,0000,3.4,0.0,0.0
20250122,0100,3.8,0.0,0.0
20250122,0200,5.1,0.0,0.0
20250122,0300,5.8,0.0,0.0
20250122,0400,7.0,0.0,0.0
20250122,0500,7.6,0.0,0.0
20250122,0600,7.0,0.0,0.0
20250122,0700,6.5,0.0,0.0
20250122,0800,4.7,0.0,0.0
20250122,0900,3.5,0.0,0.0
20250122,1000,2.8,0.0,0.0
20250122,1100,1.8,0.0,0.0
20250122,1200,1.7,0.0,0.0
20250122,1300,1.4,0.0,0.0
20250122,1400,0.6,0.0,0.0
20250122,1500,0.0,0.0,0.0
20250122,1600,-0.2,0.0,0.0
20250122,1700,-0.5,0.0,0.0
20250122,1800,-0.7,0.0,0.0
20250122,1900,-1.3,0.0,0.0
20250122,2000,-1.6,0.0,0.0
20250122,2100,-2.1,0.0,0.0
20250122,2200,-2.1,0.0,0.0
20250122,2300,-1.6,0.0,0.0
20250123,0000,0.7,0.0,0.0
20250123,0100,3.0,0.0,0.0
20250123,0200,5.0,0.0,0.0
20250123,0300,5.7,0.0,0.0
20250123,0400,6.5,0.0,0.0
20250123,0500,7.1,0.0,0.0
20250123,0600,7.6,0.0,0.0
20250123,0700,6.5,0.0,0.0
20250123,0800,4.8,0.0,0.0
20250123,0900,3.4,0.0,0.0
20250123,1000,2.4,0.0,0.0
20250123,1100,1.6,0.0,0.0
20250123,1200,1.1,0.0,0.0
20250123,1300,0.6,0.0,0.0
20250123,1400,0.1,0.0,0.0
20250123,1500,-0.3,0.0,0.0
20250123,1600,-0.5,0.0,0.0
20250123,1700,-1.0,0.0,0.0
20250123,1800,-1.1,0.0,0.0
20250123,1900,-1.6,0.0,0.0
20250123,2000,-2.0,0.0,0.0
20250123,2100,-2.2,0.0,0.0
20250123,2200,-2.5,0.0,0.0
20250123,2300,-2.0,0.0,0.0
20250124,0000,0.9,0.0,0.0
20250124,0100,3.8,0.0,0.0
20250124,0200,6.1,0.0,0.0
20250124,0300,7.6,0.0,0.0
20250124,0400,8.9,0.0,0.0
20250124,0500,10.0,0.0,0.0
20250124,0600,10.3,0.0,0.0
20250124,0700,9.3,0.0,0.0
20250124,0800,7.6,0.0,0.0
20250124,0900,6.4,0.0,0.0
20250124,1000,4.9,0.0,0.0
20250124,1100,4.2,0.0,0.0
20250124,1200,3.2,0.0,0.0
20250124,1300,2.8,0.0,0.0
20250124,1400,2.4,0.0,0.0
20250124,1500,2.2,0.0,0.0
20250124,1600,2.0,0.0,0.0
20250124,1700,2.2,0.0,0.0
20250124,1800,1.6,0.0,0.0
20250124,1900,1.5,0.0,0.0
20250124,2000,1.2,0.0,0.0
20250124,2100,1.8,0.0,0.0
20250124,2200,2.2,0.0,0.0
20250124,2300,3.3,0.0,0.0
20250125,0000,5.7,0.0,0.0
20250125,0100,7.3,0.0,0.0
20250125,0200,8.8,0.0,0.0
20250125,0300,9.8,0.0,0.0
20250125,0400,10.3,0.0,0.0
20250125,0500,10.1,0.0,0.0
20250125,0600,9.6,0.0,0.0
20250125,0700,9.9,0.0,0.0
20250125,0800,8.1,0.0,0.0
20250125,0900,6.8,0.0,0.0
20250125,1000,5.8,0.0,0.0
20250125,1100,4.8,0.0,0.0
20250125,1200,4.4,0.0,0.0
20250125,1300,3.9,0.0,0.0
20250125,1400,3.5,0.0,0.0
20250125,1500,3.2,0.0,0.0
20250125,1600,3.2,0.0,0.0
20250125,1700,3.1,0.0,0.0
20250125,1800,3.1,0.0,0.0
20250125,1900,2.8,0.0,0.0
20250125,2000,2.1,0.0,0.0
20250125,2100,1.8,0.0,0.0
20250125,2200,2.0,0.0,0.0
20250125,2300,2.5,0.0,0.0
20250126,0000,3.4,0.0,0.0
20250126,0100,5.3,0.0,0.0
20250126,0200,6.5,0.0,0.0
20250126,0300,6.7,0.0,0.0
20250126,0400,7.4,0.0,0.0
20250126,0500,7.3,0.0,0.0
20250126,0600,7.0,0.0,0.0
20250126,0700,6.4,0.0,0.0
20250126,0800,5.9,0.0,0.0
20250126,0900,5.2,0.0,0.0
20250126,1000,4.9,0.0,0.0
20250126,1100,4.5,0.0,0.0
20250126,1200,4.6,0.0,0.0
20250126,1300,5.0,0.0,0.0
20250126,1400,5.1,0.0,0.0
20250126,1500,4.4,0.0,0.0
20250126,1600,3.2,0.1,1.0
20250126,1700,3.0,0.0,0.0
20250126,1800,2.7,0.3,0.0
20250126,1900,2.7,0.1,0.0
20250126,2000,2.8,0.2,0.0
20250126,2100,2.1,0.6,2.0
20250126,2200,1.4,1.2,2.0
20250126,2300,0.5,1.6,3.0
20250127,0000,-0.2,0.0,0.0
20250127,0100,-0.3,0.5,0.0
20250127,0200,0.0,0.0,0.0
20250127,0300,0.5,0.0,0.0
20250127,0400,1.1,0.0,0.0
20250127,0500,1.0,0.0,0.0
20250127,0600,-0.8,0.7,3.0
20250127,0700,-0.6,0.1,0.0
20250127,0800,-0.9,0.0,0.0
20250127,0900,-1.3,0.0,0.0
20250127,1000,-1.3,0.0,0.0
20250127,1100,-1.4,0.0,0.0
20250127,1200,-1.6,0.0,0.0
20250127,1300,-2.2,0.0,0.0
20250127,1400,-2.5,0.1,0.0
20250127,1500,-2.6,0.0,0.0
20250127,1600,-2.8,0.0,0.0
20250127,1700,-2.9,0.0,0.0
20250127,1800,-3.7,0.1,0.0
20250127,1900,-3.6,0.0,0.0
20250127,2000,-3.7,0.0,0.0
20250127,2100,-4.0,0.0,0.0
20250127,2200,-4.2,0.0,0.0
20250127,2300,-4.1,0.0,0.0
20250128,0000,-3.6,0.0,0.0
20250128,0100,-2.9,0.0,0.0
20250128,0200,-2.9,0.0,0.0
20250128,0300,-2.8,0.0,0.0
20250128,0400,-2.8,0.0,0.0
20250128,0500,-2.6,0.0,0.0
20250128,0600,-2.7,0.0,0.0
20250128,0700,-2.9,0.0,0.0
20250128,0800,-3.8,0.0,0.0
20250128,0900,-4.5,0.0,0.0
20250128,1000,-4.7,0.0,0.0
20250128,1100,-4.9,0.0,0.0
20250128,1200,-4.9,0.0,0.0
20250128,1300,-5.1,0.0,0.0
20250128,1400,-5.2,0.0,0.0
20250128,1500,-5.0,0.0,0.0
20250128,1600,-4.8,0.0,0.0
20250128,1700,-4.6,0.0,0.0
20250128,1800,-4.9,0.0,0.0
20250128,1900,-5.3,0.2,3.0
20250128,2000,-5.6,0.0,0.0
20250128,2100,-6.0,0.0,0.0
20250128,2200,-6.1,0.0,0.0
20250128,2300,-6.3,0.0,0.0
20250129,0000,-5.4,0.0,0.0
20250129,0100,-4.8,0.0,0.0
20250129,0200,-3.7,0.0,0.0
20250129,0300,-2.4,0.0,0.0
20250129,0400,-1.3,0.0,0.0
20250129,0500,-2.3,0.0,0.0
20250129,0600,-1.9,0.0,0.0
20250129,0700,-2.4,0.0,0.0
20250129,0800,-3.3,0.0,0.0
20250129,0900,-4.0,0.0,0.0
20250129,1000,-4.5,0.0,0.0
20250129,1100,-4.9,0.0,0.0
20250129,1200,-5.3,0.0,0.0
20250129,1300,-5.3,0.0,0.0
20250129,1400,-5.3,0.0,0.0
20250129,1500,-5.7,0.0,0.0
20250129,1600,-6.0,0.0,0.0
20250129,1700,-6.4,0.0,0.0
20250129,1800,-6.3,0.0,0.0
20250129,1900,-6.8,0.0,0.0
20250129,2000,-7.0,0.0,0.0
20250129,2100,-7.1,0.0,0.0
20250129,2200,-7.4,0.0,0.0
20250129,2300,-7.1,0.0,0.0
20250130,0000,-5.3,0.0,0.0
20250130,0100,-3.6,0.0,0.0
20250130,0200,-2.7,0.0,0.0
20250130,0300,-1.1,0.0,0.0
20250130,0400,-1.2,0.0,0.0
20250130,0500,-1.2,0.0,0.0
20250130,0600,-1.6,0.0,0.0
20250130,0700,-1.5,0.0,0.0
20250130,0800,-1.6,0.0,0.0
20250130,0900,-1.7,0.0,0.0
20250130,1000,-1.7,0.0,0.0
20250130,1100,-2.0,0.0,0.0
20250130,1200,-1.8,0.0,0.0
20250130,1300,-1.9,0.0,0.0
20250130,1400,-1.7,0.0,0.0
20250130,1500,-1.6,0.0,0.0
20250130,1600,-1.8,0.0,0.0
20250130,1700,-1.6,0.0,0.0
20250130,1800,-1.8,0.0,0.0
20250130,1900,-2.1,0.0,0.0
20250130,2000,-2.4,0.0,0.0
20250130,2100,-2.5,0.1,3.0
20250130,2200,-2.4,0.0,0.0
20250130,2300,-2.1,0.0,0.0
20250131,0000,-1.8,0.0,0.0
20250131,0100,-1.4,0.0,0.0
20250131,0200,-0.8,0.0,0.0
20250131,0300,-0.6,0.0,0.0
20250131,0400,-0.5,0.4,3.0
20250131,0500,-0.4,0.7,3.0
20250131,0600,-0.1,0.5,0.0
20250131,0700,-0.1,0.0,0.0
20250131,0800,0.0,0.2,3.0
20250131,0900,0.2,0.1,0.0
20250131,1000,0.3,0.1,0.0
20250131,1100,0.4,0.1,0.0
20250131,1200,0.5,0.0,0.0
20250131,1300,0.6,0.0,0.0
20250131,1400,0.7,0.0,0.0
20250131,1500,0.4,0.0,0.0
20250131,1600,0.1,0.0,0.0
20250131,1700,-0.3,0.0,0.0
20250131,1800,-0.8,0.0,0.0
20250131,1900,-1.2,0.0,0.0
20250131,2000,-1.7,0.0,0.0
20250131,2100,-1.9,0.0,0.0
20250131,2200,-1.8,0.0,0.0
20250131,2300,-1.7,0.0,0.0
