 format: day,hour,value location:60_127 Start : 20230101 
 1, 0000, -0.200000 
 1, 0001, 0.600000 
 1, 0002, 2.200000 
 1, 0003, 3.100000 
 1, 0004, 3.200000 
 1, 0005, 2.900000 
 1, 0006, 2.500000 
 1, 0007, 1.100000 
 1, 0008, -0.100000 
 1, 0009, -1.100000 
 1, 0010, -1.700000 
 1, 0011, -2.200000 
 1, 0012, -2.800000 
 1, 0013, -3.600000 
 1, 0014, -4.300000 
 1, 0015, -5.100000 
 1, 0016, -5.600000 
 1, 0017, -6.100000 
 1, 0018, -6.600000 
 1, 0019, -6.800000 
 1, 0020, -6.400000 
 1, 0021, -6.600000 
 1, 0022, -6.900000 
 1, 0023, -6.200000 
 2, 0000, -4.900000 
 2, 0001, -3.400000 
 2, 0002, -2.300000 
 2, 0003, -2.000000 
 2, 0004, -0.900000 
 2, 0005, -0.500000 
 2, 0006, -0.900000 
 2, 0007, -2.000000 
 2, 0008, -2.900000 
 2, 0009, -3.300000 
 2, 0010, -3.800000 
 2, 0011, -4.400000 
 2, 0012, -5.100000 
 2, 0013, -5.900000 
 2, 0014, -6.500000 
 2, 0015, -7.200000 
 2, 0016, -7.600000 
 2, 0017, -8.100000 
 2, 0018, -8.100000 
 2, 0019, -8.600000 
 2, 0020, -8.800000 
 2, 0021, -8.700000 
 2, 0022, -8.700000 
 2, 0023, -7.500000 
 3, 0000, -4.100000 
 3, 0001, -3.000000 
 3, 0002, -2.000000 
 3, 0003, -0.500000 
 3, 0004, -0.500000 
 3, 0005, -0.300000 
 3, 0006, 0.000000 
 3, 0007, -1.600000 
 3, 0008, -2.600000 
 3, 0009, -3.300000 
 3, 0010, -3.800000 
 3, 0011, -4.400000 
 3, 0012, -4.900000 
 3, 0013, -5.200000 
 3, 0014, -5.200000 
 3, 0015, -5.300000 
 3, 0016, -5.400000 
 3, 0017, -5.500000 
 3, 0018, -4.800000 
 3, 0019, -4.400000 
 3, 0020, -4.000000 
 3, 0021, -3.900000 
 3, 0022, -4.400000 
 3, 0023, -4.100000 
 4, 0000, -1.900000 
 4, 0001, 0.800000 
 4, 0002, 2.100000 
 4, 0003, 2.000000 
 4, 0004, 2.500000 
 4, 0005, 3.100000 
 4, 0006, 2.700000 
 4, 0007, 1.400000 
 4, 0008, 0.300000 
 4, 0009, -0.300000 
 4, 0010, -1.200000 
 4, 0011, -2.200000 
 4, 0012, -2.800000 
 4, 0013, -2.800000 
 4, 0014, -3.200000 
 4, 0015, -3.200000 
 4, 0016, -3.700000 
 4, 0017, -4.100000 
 4, 0018, -4.300000 
 4, 0019, -4.800000 
 4, 0020, -5.000000 
 4, 0021, -5.300000 
 4, 0022, -5.500000 
 4, 0023, -4.300000 
 5, 0000, -2.400000 
 5, 0001, -0.600000 
 5, 0002, 0.500000 
 5, 0003, 1.100000 
 5, 0004, 1.800000 
 5, 0005, 3.400000 
 5, 0006, 3.100000 
 5, 0007, 1.700000 
 5, 0008, 0.600000 
 5, 0009, -0.300000 
 5, 0010, -1.000000 
 5, 0011, -1.200000 
 5, 0012, -1.500000 
 5, 0013, -1.700000 
 5, 0014, -2.000000 
 5, 0015, -2.300000 
 5, 0016, -2.700000 
 5, 0017, -3.200000 
 5, 0018, -3.400000 
 5, 0019, -3.600000 
 5, 0020, -3.900000 
 5, 0021, -4.200000 
 5, 0022, -4.600000 
 5, 0023, -2.700000 
 6, 0000, -0.500000 
 6, 0001, 1.600000 
 6, 0002, 3.700000 
 6, 0003, 4.100000 
 6, 0004, 5.700000 
 6, 0005, 5.300000 
 6, 0006, 4.800000 
 6, 0007, 4.400000 
 6, 0008, 4.300000 
 6, 0009, 3.400000 
 6, 0010, 3.000000 
 6, 0011, 1.400000 
 6, 0012, 1.200000 
 6, 0013, 1.000000 
 6, 0014, 1.100000 
 6, 0015, 1.200000 
 6, 0016, 1.300000 
 6, 0017, 1.900000 
 6, 0018, 2.300000 
 6, 0019, 2.000000 
 6, 0020, 1.800000 
 6, 0021, 1.700000 
 6, 0022, 1.500000 
 6, 0023, 1.600000 
 7, 0000, 1.800000 
 7, 0001, 2.100000 
 7, 0002, 2.600000 
 7, 0003, 3.400000 
 7, 0004, 3.200000 
 7, 0005, 3.600000 
 7, 0006, 3.600000 
 7, 0007, 2.700000 
 7, 0008, 1.800000 
 7, 0009, 0.900000 
 7, 0010, 0.400000 
 7, 0011, 0.200000 
 7, 0012, 0.000000 
 7, 0013, -0.900000 
 7, 0014, -1.400000 
 7, 0015, -1.800000 
 7, 0016, -2.100000 
 7, 0017, -2.400000 
 7, 0018, -2.700000 
 7, 0019, -3.100000 
 7, 0020, -3.000000 
 7, 0021, -3.300000 
 7, 0022, -3.600000 
 7, 0023, -2.700000 
 8, 0000, -0.300000 
 8, 0001, 1.600000 
 8, 0002, 3.200000 
 8, 0003, 4.600000 
 8, 0004, 5.400000 
 8, 0005, 6.100000 
 8, 0006, 5.500000 
 8, 0007, 4.600000 
 8, 0008, 3.900000 
 8, 0009, 3.300000 
 8, 0010, 3.000000 
 8, 0011, 3.100000 
 8, 0012, 3.200000 
 8, 0013, 3.200000 
 8, 0014, 3.200000 
 8, 0015, 3.200000 
 8, 0016, 3.400000 
 8, 0017, 3.400000 
 8, 0018, 3.400000 
 8, 0019, 3.500000 
 8, 0020, 3.700000 
 8, 0021, 3.800000 
 8, 0022, 3.500000 
 8, 0023, 3.600000 
 9, 0000, -50.000000 
 9, 0001, 5.400000 
 9, 0002, 6.700000 
 9, 0003, 6.700000 
 9, 0004, 6.400000 
 9, 0005, 6.000000 
 9, 0006, 5.300000 
 9, 0007, 3.800000 
 9, 0008, 2.500000 
 9, 0009, 1.400000 
 9, 0010, 0.900000 
 9, 0011, 0.500000 
 9, 0012, -0.500000 
 9, 0013, -1.000000 
 9, 0014, -1.400000 
 9, 0015, -2.300000 
 9, 0016, -2.300000 
 9, 0017, -2.700000 
 9, 0018, -2.800000 
 9, 0019, -3.300000 
 9, 0020, -3.600000 
 9, 0021, -3.700000 
 9, 0022, -3.700000 
 9, 0023, -2.400000 
 10, 0000, 0.300000 
 10, 0001, 3.000000 
 10, 0002, 5.100000 
 10, 0003, 7.200000 
 10, 0004, 8.700000 
 10, 0005, 8.800000 
 10, 0006, 8.100000 
 10, 0007, 6.000000 
 10, 0008, 4.700000 
 10, 0009, 4.000000 
 10, 0010, 3.300000 
 10, 0011, 2.700000 
 10, 0012, 2.100000 
 10, 0013, 1.900000 
 10, 0014, 1.000000 
 10, 0015, 0.300000 
 10, 0016, -0.200000 
 10, 0017, -0.400000 
 10, 0018, -0.800000 
 10, 0019, -0.800000 
 10, 0020, -1.100000 
 10, 0021, -1.400000 
 10, 0022, -1.900000 
 10, 0023, -0.900000 
 11, 0000, 1.900000 
 11, 0001, 3.900000 
 11, 0002, 5.500000 
 11, 0003, 7.600000 
 11, 0004, 8.900000 
 11, 0005, 8.800000 
 11, 0006, 8.400000 
 11, 0007, 6.600000 
 11, 0008, 5.100000 
 11, 0009, 4.200000 
 11, 0010, 3.400000 
 11, 0011, 3.200000 
 11, 0012, 2.900000 
 11, 0013, 2.300000 
 11, 0014, 1.400000 
 11, 0015, 0.900000 
 11, 0016, 0.600000 
 11, 0017, 0.200000 
 11, 0018, 0.000000 
 11, 0019, -0.200000 
 11, 0020, -0.200000 
 11, 0021, -0.400000 
 11, 0022, 0.000000 
 11, 0023, 2.000000 
 12, 0000, 4.400000 
 12, 0001, 6.900000 
 12, 0002, 8.500000 
 12, 0003, 10.300000 
 12, 0004, 11.600000 
 12, 0005, 12.100000 
 12, 0006, 12.300000 
 12, 0007, 11.000000 
 12, 0008, 8.900000 
 12, 0009, 7.900000 
 12, 0010, 7.300000 
 12, 0011, 7.400000 
 12, 0012, 8.200000 
 12, 0013, 8.500000 
 12, 0014, 8.000000 
 12, 0015, 6.800000 
 12, 0016, 5.300000 
 12, 0017, 5.200000 
 12, 0018, 5.700000 
 12, 0019, 6.400000 
 12, 0020, 7.000000 
 12, 0021, 7.800000 
 12, 0022, 8.000000 
 12, 0023, 8.200000 
 13, 0000, 8.500000 
 13, 0001, 8.700000 
 13, 0002, 9.000000 
 13, 0003, 9.200000 
 13, 0004, 9.400000 
 13, 0005, 9.900000 
 13, 0006, 9.900000 
 13, 0007, 10.000000 
 13, 0008, 9.900000 
 13, 0009, 9.600000 
 13, 0010, 9.400000 
 13, 0011, 9.200000 
 13, 0012, 9.100000 
 13, 0013, 8.800000 
 13, 0014, 8.300000 
 13, 0015, 8.400000 
 13, 0016, 8.000000 
 13, 0017, 7.800000 
 13, 0018, 7.800000 
 13, 0019, 7.800000 
 13, 0020, 7.800000 
 13, 0021, 7.900000 
 13, 0022, 7.600000 
 13, 0023, 7.800000 
 14, 0000, 7.900000 
 14, 0001, 7.900000 
 14, 0002, 8.000000 
 14, 0003, 7.900000 
 14, 0004, 7.500000 
 14, 0005, 7.100000 
 14, 0006, 6.700000 
 14, 0007, 6.200000 
 14, 0008, 5.700000 
 14, 0009, 5.200000 
 14, 0010, 5.000000 
 14, 0011, 4.600000 
 14, 0012, 4.200000 
 14, 0013, 3.900000 
 14, 0014, 3.800000 
 14, 0015, 3.500000 
 14, 0016, 3.200000 
 14, 0017, 3.000000 
 14, 0018, 2.900000 
 14, 0019, 2.800000 
 14, 0020, 2.600000 
 14, 0021, 1.900000 
 14, 0022, 1.300000 
 14, 0023, 0.700000 
 15, 0000, 0.300000 
 15, 0001, 0.200000 
 15, 0002, 0.100000 
 15, 0003, -0.200000 
 15, 0004, -0.400000 
 15, 0005, -0.700000 
 15, 0006, -1.100000 
 15, 0007, -1.300000 
 15, 0008, -1.500000 
 15, 0009, -1.800000 
 15, 0010, -2.000000 
 15, 0011, -2.400000 
 15, 0012, -3.000000 
 15, 0013, -3.200000 
 15, 0014, -3.400000 
 15, 0015, -3.500000 
 15, 0016, -3.800000 
 15, 0017, -4.000000 
 15, 0018, -4.200000 
 15, 0019, -4.600000 
 15, 0020, -5.000000 
 15, 0021, -5.400000 
 15, 0022, -6.400000 
 15, 0023, -6.600000 
 16, 0000, -5.400000 
 16, 0001, -4.500000 
 16, 0002, -3.400000 
 16, 0003, -2.300000 
 16, 0004, -1.800000 
 16, 0005, -1.400000 
 16, 0006, -1.400000 
 16, 0007, -2.800000 
 16, 0008, -3.900000 
 16, 0009, -4.500000 
 16, 0010, -5.100000 
 16, 0011, -5.500000 
 16, 0012, -5.300000 
 16, 0013, -5.700000 
 16, 0014, -6.200000 
 16, 0015, -6.100000 
 16, 0016, -6.600000 
 16, 0017, -6.900000 
 16, 0018, -6.400000 
 16, 0019, -6.500000 
 16, 0020, -6.700000 
 16, 0021, -6.600000 
 16, 0022, -6.700000 
 16, 0023, -6.000000 
 17, 0000, -4.400000 
 17, 0001, -3.500000 
 17, 0002, -2.600000 
 17, 0003, -1.300000 
 17, 0004, -0.600000 
 17, 0005, -1.200000 
 17, 0006, -1.000000 
 17, 0007, -1.000000 
 17, 0008, -1.200000 
 17, 0009, -1.200000 
 17, 0010, -1.300000 
 17, 0011, -1.500000 
 17, 0012, -2.100000 
 17, 0013, -2.300000 
 17, 0014, -2.400000 
 17, 0015, -2.600000 
 17, 0016, -2.300000 
 17, 0017, -2.400000 
 17, 0018, -3.000000 
 17, 0019, -3.700000 
 17, 0020, -3.700000 
 17, 0021, -4.200000 
 17, 0022, -4.500000 
 17, 0023, -3.900000 
 18, 0000, -1.700000 
 18, 0001, -0.200000 
 18, 0002, 0.000000 
 18, 0003, 0.800000 
 18, 0004, 1.300000 
 18, 0005, 1.900000 
 18, 0006, 1.600000 
 18, 0007, 0.300000 
 18, 0008, -0.700000 
 18, 0009, -1.500000 
 18, 0010, -1.500000 
 18, 0011, -2.500000 
 18, 0012, -3.100000 
 18, 0013, -3.500000 
 18, 0014, -3.900000 
 18, 0015, -4.100000 
 18, 0016, -4.600000 
 18, 0017, -4.800000 
 18, 0018, -5.300000 
 18, 0019, -5.600000 
 18, 0020, -5.800000 
 18, 0021, -5.600000 
 18, 0022, -5.000000 
 18, 0023, -3.200000 
 19, 0000, -2.000000 
 19, 0001, -0.700000 
 19, 0002, 0.600000 
 19, 0003, 3.300000 
 19, 0004, 4.200000 
 19, 0005, 3.900000 
 19, 0006, 4.100000 
 19, 0007, 3.800000 
 19, 0008, 3.500000 
 19, 0009, 3.400000 
 19, 0010, 2.800000 
 19, 0011, 2.500000 
 19, 0012, 2.800000 
 19, 0013, 2.600000 
 19, 0014, 1.600000 
 19, 0015, 1.400000 
 19, 0016, 1.900000 
 19, 0017, 1.600000 
 19, 0018, 1.100000 
 19, 0019, 0.700000 
 19, 0020, -0.400000 
 19, 0021, -1.600000 
 19, 0022, -2.500000 
 19, 0023, -3.900000 
 20, 0000, -3.800000 
 20, 0001, -3.700000 
 20, 0002, -3.200000 
 20, 0003, -3.000000 
 20, 0004, -2.500000 
 20, 0005, -2.200000 
 20, 0006, -1.900000 
 20, 0007, -3.500000 
 20, 0008, -4.400000 
 20, 0009, -5.000000 
 20, 0010, -5.600000 
 20, 0011, -6.100000 
 20, 0012, -6.600000 
 20, 0013, -7.300000 
 20, 0014, -7.700000 
 20, 0015, -8.300000 
 20, 0016, -8.400000 
 20, 0017, -8.800000 
 20, 0018, -9.100000 
 20, 0019, -9.500000 
 20, 0020, -10.100000 
 20, 0021, -10.300000 
 20, 0022, -10.200000 
 20, 0023, -8.700000 
 21, 0000, -6.100000 
 21, 0001, -3.500000 
 21, 0002, -2.000000 
 21, 0003, -0.100000 
 21, 0004, 0.300000 
 21, 0005, 1.100000 
 21, 0006, 0.700000 
 21, 0007, 0.000000 
 21, 0008, -1.100000 
 21, 0009, -1.700000 
 21, 0010, -2.400000 
 21, 0011, -2.700000 
 21, 0012, -2.600000 
 21, 0013, -2.700000 
 21, 0014, -2.600000 
 21, 0015, -2.700000 
 21, 0016, -2.500000 
 21, 0017, -2.400000 
 21, 0018, -2.200000 
 21, 0019, -2.400000 
 21, 0020, -2.500000 
 21, 0021, -2.400000 
 21, 0022, -2.100000 
 21, 0023, -1.700000 
 22, 0000, -1.600000 
 22, 0001, -1.400000 
 22, 0002, -0.200000 
 22, 0003, 0.700000 
 22, 0004, 1.300000 
 22, 0005, 2.300000 
 22, 0006, 2.500000 
 22, 0007, 2.000000 
 22, 0008, 1.400000 
 22, 0009, 1.200000 
 22, 0010, 0.800000 
 22, 0011, 0.300000 
 22, 0012, -0.200000 
 22, 0013, -0.700000 
 22, 0014, -1.200000 
 22, 0015, -0.400000 
 22, 0016, -0.500000 
 22, 0017, -0.600000 
 22, 0018, -1.100000 
 22, 0019, -1.200000 
 22, 0020, -0.400000 
 22, 0021, -1.200000 
 22, 0022, -1.500000 
 22, 0023, -0.800000 
 23, 0000, 1.800000 
 23, 0001, 3.700000 
 23, 0002, 4.000000 
 23, 0003, 4.200000 
 23, 0004, 3.900000 
 23, 0005, 3.200000 
 23, 0006, 2.500000 
 23, 0007, 1.000000 
 23, 0008, -0.400000 
 23, 0009, -1.500000 
 23, 0010, -2.500000 
 23, 0011, -3.800000 
 23, 0012, -5.100000 
 23, 0013, -5.900000 
 23, 0014, -7.200000 
 23, 0015, -8.800000 
 23, 0016, -10.400000 
 23, 0017, -11.600000 
 23, 0018, -12.600000 
 23, 0019, -13.800000 
 23, 0020, -14.700000 
 23, 0021, -15.800000 
 23, 0022, -16.500000 
 23, 0023, -16.299999 
 24, 0000, -16.000000 
 24, 0001, -15.000000 
 24, 0002, -14.200000 
 24, 0003, -13.900000 
 24, 0004, -12.700000 
 24, 0005, -12.700000 
 24, 0006, -12.500000 
 24, 0007, -13.600000 
 24, 0008, -14.600000 
 24, 0009, -15.200000 
 24, 0010, -15.800000 
 24, 0011, -16.200001 
 24, 0012, -16.600000 
 24, 0013, -16.799999 
 24, 0014, -16.900000 
 24, 0015, -17.000000 
 24, 0016, -16.900000 
 24, 0017, -16.799999 
 24, 0018, -16.799999 
 24, 0019, -16.799999 
 24, 0020, -18.700001 
 24, 0021, -18.799999 
 24, 0022, -18.000000 
 24, 0023, -15.600000 
 25, 0000, -13.900000 
 25, 0001, -10.600000 
 25, 0002, -9.100000 
 25, 0003, -7.700000 
 25, 0004, -6.700000 
 25, 0005, -6.300000 
 25, 0006, -5.400000 
 25, 0007, -6.500000 
 25, 0008, -7.600000 
 25, 0009, -8.200000 
 25, 0010, -8.100000 
 25, 0011, -8.000000 
 25, 0012, -7.900000 
 25, 0013, -8.700000 
 25, 0014, -8.600000 
 25, 0015, -8.200000 
 25, 0016, -8.400000 
 25, 0017, -8.500000 
 25, 0018, -8.700000 
 25, 0019, -8.900000 
 25, 0020, -8.900000 
 25, 0021, -8.700000 
 25, 0022, -8.500000 
 25, 0023, -7.700000 
 26, 0000, -6.900000 
 26, 0001, -5.500000 
 26, 0002, -5.100000 
 26, 0003, -4.400000 
 26, 0004, -3.900000 
 26, 0005, -3.700000 
 26, 0006, -3.400000 
 26, 0007, -3.500000 
 26, 0008, -3.700000 
 26, 0009, -5.300000 
 26, 0010, -5.300000 
 26, 0011, -5.900000 
 26, 0012, -6.200000 
 26, 0013, -4.900000 
 26, 0014, -5.600000 
 26, 0015, -6.100000 
 26, 0016, -6.700000 
 26, 0017, -6.600000 
 26, 0018, -7.200000 
 26, 0019, -7.700000 
 26, 0020, -8.200000 
 26, 0021, -8.300000 
 26, 0022, -8.500000 
 26, 0023, -8.100000 
 27, 0000, -7.200000 
 27, 0001, -7.000000 
 27, 0002, -6.100000 
 27, 0003, -4.700000 
 27, 0004, -4.600000 
 27, 0005, -4.300000 
 27, 0006, -4.300000 
 27, 0007, -5.700000 
 27, 0008, -6.700000 
 27, 0009, -7.500000 
 27, 0010, -8.000000 
 27, 0011, -8.500000 
 27, 0012, -8.900000 
 27, 0013, -9.200000 
 27, 0014, -9.500000 
 27, 0015, -9.600000 
 27, 0016, -9.400000 
 27, 0017, -9.600000 
 27, 0018, -9.900000 
 27, 0019, -10.400000 
 27, 0020, -10.800000 
 27, 0021, -10.900000 
 27, 0022, -11.000000 
 27, 0023, -9.400000 
 28, 0000, -6.300000 
 28, 0001, -4.800000 
 28, 0002, -3.700000 
 28, 0003, -2.000000 
 28, 0004, -0.800000 
 28, 0005, -0.900000 
 28, 0006, -0.600000 
 28, 0007, -1.500000 
 28, 0008, -2.300000 
 28, 0009, -2.800000 
 28, 0010, -3.300000 
 28, 0011, -3.900000 
 28, 0012, -4.800000 
 28, 0013, -5.500000 
 28, 0014, -6.100000 
 28, 0015, -7.000000 
 28, 0016, -7.200000 
 28, 0017, -7.000000 
 28, 0018, -7.100000 
 28, 0019, -7.500000 
 28, 0020, -7.800000 
 28, 0021, -7.700000 
 28, 0022, -7.400000 
 28, 0023, -5.700000 
 29, 0000, -3.500000 
 29, 0001, -1.100000 
 29, 0002, 0.800000 
 29, 0003, 2.800000 
 29, 0004, 4.500000 
 29, 0005, 4.400000 
 29, 0006, 4.100000 
 29, 0007, 3.600000 
 29, 0008, 2.700000 
 29, 0009, 2.300000 
 29, 0010, 1.500000 
 29, 0011, 0.500000 
 29, 0012, -0.400000 
 29, 0013, -1.200000 
 29, 0014, -1.700000 
 29, 0015, -2.200000 
 29, 0016, -2.900000 
 29, 0017, -3.300000 
 29, 0018, -4.000000 
 29, 0019, -4.200000 
 29, 0020, -4.200000 
 29, 0021, -3.900000 
 29, 0022, -4.300000 
 29, 0023, -3.000000 
 30, 0000, -1.000000 
 30, 0001, 0.300000 
 30, 0002, 1.700000 
 30, 0003, 2.100000 
 30, 0004, 3.600000 
 30, 0005, 4.100000 
 30, 0006, 3.700000 
 30, 0007, 2.600000 
 30, 0008, 1.200000 
 30, 0009, 0.400000 
 30, 0010, -0.100000 
 30, 0011, -0.500000 
 30, 0012, -1.100000 
 30, 0013, -1.300000 
 30, 0014, -1.900000 
 30, 0015, -2.400000 
 30, 0016, -2.900000 
 30, 0017, -3.000000 
 30, 0018, -3.400000 
 30, 0019, -3.300000 
 30, 0020, -3.300000 
 30, 0021, -3.100000 
 30, 0022, -3.200000 
 30, 0023, -1.400000 
 31, 0000, 0.700000 
 31, 0001, 1.800000 
 31, 0002, 2.800000 
 31, 0003, 4.000000 
 31, 0004, 5.200000 
 31, 0005, 7.400000 
 31, 0006, 7.600000 
 31, 0007, 7.200000 
 31, 0008, 7.100000 
 31, 0009, 6.800000 
 31, 0010, 6.500000 
 31, 0011, 6.300000 
 31, 0012, 6.100000 
 31, 0013, 6.000000 
 31, 0014, 5.900000 
 31, 0015, 5.000000 
 31, 0016, 3.900000 
 31, 0017, 2.900000 
 31, 0018, 2.000000 
 31, 0019, 1.400000 
 31, 0020, 0.600000 
 31, 0021, 0.000000 
 31, 0022, -0.400000 
 31, 0023, 0.000000 
 366, 0000, 2.700000 
 366, 0001, 4.600000 
 366, 0002, 6.100000 
 366, 0003, 7.200000 
 366, 0004, 6.500000 
 366, 0005, 6.300000 
 366, 0006, 5.800000 
 366, 0007, 5.400000 
 366, 0008, 4.900000 
 366, 0009, 4.600000 
 366, 0010, 4.400000 
 366, 0011, 4.200000 
 366, 0012, 4.100000 
 366, 0013, 3.900000 
 366, 0014, 3.700000 
 366, 0015, 3.400000 
 366, 0016, 3.300000 
 366, 0017, 3.000000 
 366, 0018, 2.700000 
 366, 0019, 2.400000 
 366, 0020, 2.300000 
 366, 0021, 2.300000 
 366, 0022, 2.300000 
 366, 0023, 2.300000 
 367, 0000, 2.700000 
 367, 0001, 3.100000 
 367, 0002, 3.600000 
 367, 0003, 4.000000 
 367, 0004, 4.200000 
 367, 0005, 4.000000 
 367, 0006, 4.000000 
 367, 0007, 3.400000 
 367, 0008, 3.200000 
 367, 0009, 2.900000 
 367, 0010, 2.300000 
 367, 0011, 2.300000 
 367, 0012, 2.300000 
 367, 0013, 2.300000 
 367, 0014, 2.400000 
 367, 0015, 2.300000 
 367, 0016, 2.200000 
 367, 0017, 2.100000 
 367, 0018, 2.000000 
 367, 0019, 2.200000 
 367, 0020, 2.300000 
 367, 0021, 2.300000 
 367, 0022, 2.300000 
 367, 0023, 2.000000 
 368, 0000, 1.900000 
 368, 0001, 2.500000 
 368, 0002, 3.100000 
 368, 0003, 3.900000 
 368, 0004, 3.500000 
 368, 0005, 3.400000 
 368, 0006, 3.600000 
 368, 0007, 2.800000 
 368, 0008, 2.200000 
 368, 0009, 1.600000 
 368, 0010, 1.200000 
 368, 0011, 0.500000 
 368, 0012, 0.000000 
 368, 0013, -0.500000 
 368, 0014, -1.100000 
 368, 0015, -1.400000 
 368, 0016, -1.700000 
 368, 0017, -2.100000 
 368, 0018, -2.400000 
 368, 0019, -2.600000 
 368, 0020, -3.000000 
 368, 0021, -3.100000 
 368, 0022, -2.600000 
 368, 0023, -1.500000 
 369, 0000, -0.400000 
 369, 0001, 0.600000 
 369, 0002, 1.600000 
 369, 0003, 2.600000 
 369, 0004, 3.800000 
 369, 0005, 4.000000 
 369, 0006, 4.700000 
 369, 0007, 4.400000 
 369, 0008, 4.500000 
 369, 0009, 4.300000 
 369, 0010, 4.200000 
 369, 0011, 4.300000 
 369, 0012, 4.400000 
 369, 0013, 4.500000 
 369, 0014, 4.000000 
 369, 0015, 3.600000 
 369, 0016, 2.900000 
 369, 0017, 2.700000 
 369, 0018, 3.000000 
 369, 0019, 3.900000 
 369, 0020, 5.000000 
 369, 0021, 5.300000 
 369, 0022, 5.000000 
 369, 0023, 5.200000 
 370, 0000, 6.000000 
 370, 0001, 7.600000 
 370, 0002, 8.200000 
 370, 0003, 8.500000 
 370, 0004, 8.600000 
 370, 0005, 8.800000 
 370, 0006, 7.700000 
 370, 0007, 6.500000 
 370, 0008, 5.200000 
 370, 0009, 4.200000 
 370, 0010, 3.500000 
 370, 0011, 3.100000 
 370, 0012, 2.600000 
 370, 0013, 1.900000 
 370, 0014, 1.300000 
 370, 0015, 0.600000 
 370, 0016, -0.100000 
 370, 0017, -0.700000 
 370, 0018, -1.100000 
 370, 0019, -1.500000 
 370, 0020, -1.800000 
 370, 0021, -1.900000 
 370, 0022, -2.500000 
 370, 0023, -1.500000 
 371, 0000, -0.200000 
 371, 0001, 1.300000 
 371, 0002, 2.800000 
 371, 0003, 3.600000 
 371, 0004, 4.300000 
 371, 0005, 4.600000 
 371, 0006, 4.700000 
 371, 0007, 3.500000 
 371, 0008, 2.700000 
 371, 0009, 1.000000 
 371, 0010, 0.500000 
 371, 0011, 0.400000 
 371, 0012, 0.300000 
 371, 0013, -0.100000 
 371, 0014, -1.100000 
 371, 0015, -2.000000 
 371, 0016, -2.600000 
 371, 0017, -3.100000 
 371, 0018, -3.200000 
 371, 0019, -3.400000 
 371, 0020, -3.500000 
 371, 0021, -4.400000 
 371, 0022, -4.900000 
 371, 0023, -4.400000 
 372, 0000, -3.600000 
 372, 0001, -3.200000 
 372, 0002, -2.500000 
 372, 0003, -3.000000 
 372, 0004, -2.000000 
 372, 0005, -1.700000 
 372, 0006, -1.700000 
 372, 0007, -3.500000 
 372, 0008, -4.600000 
 372, 0009, -5.300000 
 372, 0010, -5.800000 
 372, 0011, -6.700000 
 372, 0012, -7.500000 
 372, 0013, -8.100000 
 372, 0014, -8.200000 
 372, 0015, -8.400000 
 372, 0016, -8.700000 
 372, 0017, -9.100000 
 372, 0018, -9.300000 
 372, 0019, -9.600000 
 372, 0020, -10.000000 
 372, 0021, -10.000000 
 372, 0022, -10.000000 
 372, 0023, -8.600000 
 373, 0000, -5.600000 
 373, 0001, -3.800000 
 373, 0002, -2.200000 
 373, 0003, -0.600000 
 373, 0004, -0.300000 
 373, 0005, -0.500000 
 373, 0006, -0.700000 
 373, 0007, -1.500000 
 373, 0008, -2.200000 
 373, 0009, -2.600000 
 373, 0010, -3.100000 
 373, 0011, -2.700000 
 373, 0012, -2.000000 
 373, 0013, -2.000000 
 373, 0014, -1.800000 
 373, 0015, -1.700000 
 373, 0016, -1.600000 
 373, 0017, -1.600000 
 373, 0018, -1.400000 
 373, 0019, -1.100000 
 373, 0020, -0.900000 
 373, 0021, -0.900000 
 373, 0022, -1.100000 
 373, 0023, -1.400000 
 374, 0000, -1.100000 
 374, 0001, -0.600000 
 374, 0002, -0.300000 
 374, 0003, 0.000000 
 374, 0004, 0.100000 
 374, 0005, 0.200000 
 374, 0006, 0.300000 
 374, 0007, 0.300000 
 374, 0008, 0.200000 
 374, 0009, 0.200000 
 374, 0010, 0.100000 
 374, 0011, 0.100000 
 374, 0012, 0.100000 
 374, 0013, 0.400000 
 374, 0014, -0.300000 
 374, 0015, -1.100000 
 374, 0016, -1.400000 
 374, 0017, -1.800000 
 374, 0018, -2.400000 
 374, 0019, -3.100000 
 374, 0020, -3.500000 
 374, 0021, -3.900000 
 374, 0022, -3.700000 
 374, 0023, -3.500000 
 375, 0000, -2.300000 
 375, 0001, -0.600000 
 375, 0002, 0.300000 
 375, 0003, 1.800000 
 375, 0004, 1.600000 
 375, 0005, 2.700000 
 375, 0006, 3.100000 
 375, 0007, 1.800000 
 375, 0008, 0.600000 
 375, 0009, 0.000000 
 375, 0010, -0.400000 
 375, 0011, -0.900000 
 375, 0012, -1.300000 
 375, 0013, -1.400000 
 375, 0014, -1.100000 
 375, 0015, -1.100000 
 375, 0016, -1.100000 
 375, 0017, -1.400000 
 375, 0018, -1.800000 
 375, 0019, -1.600000 
 375, 0020, -2.200000 
 375, 0021, -1.800000 
 375, 0022, -1.500000 
 375, 0023, -0.900000 
 376, 0000, -0.200000 
 376, 0001, 0.900000 
 376, 0002, 2.400000 
 376, 0003, 2.800000 
 376, 0004, 3.400000 
 376, 0005, 4.000000 
 376, 0006, 4.500000 
 376, 0007, 4.300000 
 376, 0008, 4.200000 
 376, 0009, 4.000000 
 376, 0010, 4.000000 
 376, 0011, 3.900000 
 376, 0012, 3.800000 
 376, 0013, 3.700000 
 376, 0014, 3.600000 
 376, 0015, 3.200000 
 376, 0016, 2.400000 
 376, 0017, 1.800000 
 376, 0018, 0.900000 
 376, 0019, 0.200000 
 376, 0020, -0.400000 
 376, 0021, -0.500000 
 376, 0022, -0.900000 
 376, 0023, -0.200000 
 377, 0000, 0.800000 
 377, 0001, 1.500000 
 377, 0002, 3.100000 
 377, 0003, 3.100000 
 377, 0004, 3.400000 
 377, 0005, 3.900000 
 377, 0006, 3.700000 
 377, 0007, 2.300000 
 377, 0008, 1.400000 
 377, 0009, 0.900000 
 377, 0010, 0.500000 
 377, 0011, 0.300000 
 377, 0012, -0.300000 
 377, 0013, -1.000000 
 377, 0014, -1.500000 
 377, 0015, -1.800000 
 377, 0016, -1.800000 
 377, 0017, -2.600000 
 377, 0018, -2.500000 
 377, 0019, -2.900000 
 377, 0020, -3.400000 
 377, 0021, -3.500000 
 377, 0022, -3.700000 
 377, 0023, -2.500000 
 378, 0000, -0.300000 
 378, 0001, 1.400000 
 378, 0002, 3.600000 
 378, 0003, 4.100000 
 378, 0004, 5.200000 
 378, 0005, 6.300000 
 378, 0006, 5.800000 
 378, 0007, 4.500000 
 378, 0008, 2.900000 
 378, 0009, 1.900000 
 378, 0010, 1.100000 
 378, 0011, 0.600000 
 378, 0012, 0.300000 
 378, 0013, -0.200000 
 378, 0014, -0.800000 
 378, 0015, -1.000000 
 378, 0016, -1.000000 
 378, 0017, -1.400000 
 378, 0018, -1.600000 
 378, 0019, -1.900000 
 378, 0020, -2.100000 
 378, 0021, -2.100000 
 378, 0022, -1.600000 
 378, 0023, -0.500000 
 379, 0000, 0.000000 
 379, 0001, 0.800000 
 379, 0002, 1.200000 
 379, 0003, 2.000000 
 379, 0004, 1.800000 
 379, 0005, 1.800000 
 379, 0006, 2.400000 
 379, 0007, 1.500000 
 379, 0008, 1.400000 
 379, 0009, 0.600000 
 379, 0010, -0.200000 
 379, 0011, -0.900000 
 379, 0012, -2.100000 
 379, 0013, -2.700000 
 379, 0014, -3.300000 
 379, 0015, -3.800000 
 379, 0016, -4.500000 
 379, 0017, -5.000000 
 379, 0018, -5.500000 
 379, 0019, -5.700000 
 379, 0020, -6.300000 
 379, 0021, -6.600000 
 379, 0022, -6.800000 
 379, 0023, -6.000000 
 380, 0000, -4.800000 
 380, 0001, -3.100000 
 380, 0002, -2.200000 
 380, 0003, -0.800000 
 380, 0004, -0.400000 
 380, 0005, 0.600000 
 380, 0006, 0.900000 
 380, 0007, -0.600000 
 380, 0008, -1.600000 
 380, 0009, -2.200000 
 380, 0010, -2.700000 
 380, 0011, -3.700000 
 380, 0012, -4.200000 
 380, 0013, -4.700000 
 380, 0014, -4.900000 
 380, 0015, -5.400000 
 380, 0016, -5.700000 
 380, 0017, -6.200000 
 380, 0018, -6.600000 
 380, 0019, -6.800000 
 380, 0020, -6.900000 
 380, 0021, -7.000000 
 380, 0022, -7.100000 
 380, 0023, -5.700000 
 381, 0000, -3.200000 
 381, 0001, -1.200000 
 381, 0002, 0.100000 
 381, 0003, 1.000000 
 381, 0004, 2.400000 
 381, 0005, 4.300000 
 381, 0006, 3.700000 
 381, 0007, 2.600000 
 381, 0008, 1.400000 
 381, 0009, 0.600000 
 381, 0010, 0.000000 
 381, 0011, -0.600000 
 381, 0012, -0.900000 
 381, 0013, -1.700000 
 381, 0014, -1.900000 
 381, 0015, -2.200000 
 381, 0016, -1.300000 
 381, 0017, -0.800000 
 381, 0018, -0.600000 
 381, 0019, -0.500000 
 381, 0020, -0.400000 
 381, 0021, -0.300000 
 381, 0022, 0.000000 
 381, 0023, 0.300000 
 382, 0000, 1.000000 
 382, 0001, 1.500000 
 382, 0002, 0.700000 
 382, 0003, 0.800000 
 382, 0004, 0.800000 
 382, 0005, 0.800000 
 382, 0006, 0.900000 
 382, 0007, 1.100000 
 382, 0008, 1.300000 
 382, 0009, 1.500000 
 382, 0010, 1.600000 
 382, 0011, 1.700000 
 382, 0012, 1.900000 
 382, 0013, 1.800000 
 382, 0014, 1.800000 
 382, 0015, 1.700000 
 382, 0016, 1.800000 
 382, 0017, 1.800000 
 382, 0018, 1.900000 
 382, 0019, 1.900000 
 382, 0020, 1.700000 
 382, 0021, 1.500000 
 382, 0022, 1.500000 
 382, 0023, 1.500000 
 383, 0000, 1.900000 
 383, 0001, 3.400000 
 383, 0002, 5.700000 
 383, 0003, 6.900000 
 383, 0004, 8.000000 
 383, 0005, 8.800000 
 383, 0006, 9.400000 
 383, 0007, 8.600000 
 383, 0008, 7.300000 
 383, 0009, 6.200000 
 383, 0010, 5.300000 
 383, 0011, 4.900000 
 383, 0012, 4.700000 
 383, 0013, 4.400000 
 383, 0014, 4.400000 
 383, 0015, 4.500000 
 383, 0016, 4.500000 
 383, 0017, 4.400000 
 383, 0018, 4.500000 
 383, 0019, 4.600000 
 383, 0020, 4.600000 
 383, 0021, 4.500000 
 383, 0022, 4.100000 
 383, 0023, 4.700000 
 384, 0000, 6.300000 
 384, 0001, 7.800000 
 384, 0002, 7.500000 
 384, 0003, 8.100000 
 384, 0004, 8.300000 
 384, 0005, 8.200000 
 384, 0006, 7.800000 
 384, 0007, 6.300000 
 384, 0008, 5.100000 
 384, 0009, 4.500000 
 384, 0010, 4.200000 
 384, 0011, 4.100000 
 384, 0012, 4.200000 
 384, 0013, 4.200000 
 384, 0014, 3.900000 
 384, 0015, 3.800000 
 384, 0016, 3.800000 
 384, 0017, 3.700000 
 384, 0018, 3.600000 
 384, 0019, 3.500000 
 384, 0020, 3.600000 
 384, 0021, 3.600000 
 384, 0022, 3.700000 
 384, 0023, 3.900000 
 385, 0000, 4.200000 
 385, 0001, 4.500000 
 385, 0002, 4.800000 
 385, 0003, 4.900000 
 385, 0004, 4.400000 
 385, 0005, 4.500000 
 385, 0006, 3.700000 
 385, 0007, 2.900000 
 385, 0008, 2.200000 
 385, 0009, 1.900000 
 385, 0010, 2.100000 
 385, 0011, 2.200000 
 385, 0012, 2.300000 
 385, 0013, 2.400000 
 385, 0014, 2.500000 
 385, 0015, 2.300000 
 385, 0016, 2.100000 
 385, 0017, 2.000000 
 385, 0018, 2.000000 
 385, 0019, 2.100000 
 385, 0020, 2.000000 
 385, 0021, 2.000000 
 385, 0022, 2.000000 
 385, 0023, 2.400000 
 386, 0000, 2.900000 
 386, 0001, 3.800000 
 386, 0002, 4.300000 
 386, 0003, 4.100000 
 386, 0004, 3.300000 
 386, 0005, 2.800000 
 386, 0006, 2.500000 
 386, 0007, 2.300000 
 386, 0008, 2.200000 
 386, 0009, 2.100000 
 386, 0010, 0.900000 
 386, 0011, -0.300000 
 386, 0012, -1.100000 
 386, 0013, -1.900000 
 386, 0014, -2.400000 
 386, 0015, -3.000000 
 386, 0016, -3.800000 
 386, 0017, -4.500000 
 386, 0018, -5.800000 
 386, 0019, -7.000000 
 386, 0020, -7.900000 
 386, 0021, -8.200000 
 386, 0022, -8.500000 
 386, 0023, -8.800000 
 387, 0000, -8.700000 
 387, 0001, -8.300000 
 387, 0002, -7.800000 
 387, 0003, -7.600000 
 387, 0004, -7.000000 
 387, 0005, -7.500000 
 387, 0006, -7.600000 
 387, 0007, -8.500000 
 387, 0008, -9.600000 
 387, 0009, -10.400000 
 387, 0010, -10.900000 
 387, 0011, -11.300000 
 387, 0012, -11.500000 
 387, 0013, -11.600000 
 387, 0014, -11.900000 
 387, 0015, -12.400000 
 387, 0016, -12.700000 
 387, 0017, -13.100000 
 387, 0018, -13.500000 
 387, 0019, -13.700000 
 387, 0020, -13.800000 
 387, 0021, -13.800000 
 387, 0022, -13.900000 
 387, 0023, -13.300000 
 388, 0000, -12.000000 
 388, 0001, -11.100000 
 388, 0002, -10.200000 
 388, 0003, -9.600000 
 388, 0004, -9.200000 
 388, 0005, -8.700000 
 388, 0006, -8.700000 
 388, 0007, -9.800000 
 388, 0008, -10.800000 
 388, 0009, -11.300000 
 388, 0010, -11.700000 
 388, 0011, -11.800000 
 388, 0012, -11.700000 
 388, 0013, -11.200000 
 388, 0014, -11.000000 
 388, 0015, -11.000000 
 388, 0016, -10.700000 
 388, 0017, -10.500000 
 388, 0018, -10.700000 
 388, 0019, -10.700000 
 388, 0020, -10.900000 
 388, 0021, -11.000000 
 388, 0022, -11.100000 
 388, 0023, -10.300000 
 389, 0000, -9.200000 
 389, 0001, -7.900000 
 389, 0002, -6.700000 
 389, 0003, -5.500000 
 389, 0004, -4.300000 
 389, 0005, -4.100000 
 389, 0006, -4.000000 
 389, 0007, -4.800000 
 389, 0008, -5.700000 
 389, 0009, -6.300000 
 389, 0010, -6.800000 
 389, 0011, -7.200000 
 389, 0012, -7.500000 
 389, 0013, -7.900000 
 389, 0014, -8.400000 
 389, 0015, -8.700000 
 389, 0016, -8.800000 
 389, 0017, -8.900000 
 389, 0018, -8.700000 
 389, 0019, -9.000000 
 389, 0020, -9.500000 
 389, 0021, -9.500000 
 389, 0022, -9.200000 
 389, 0023, -8.000000 
 390, 0000, -6.600000 
 390, 0001, -5.500000 
 390, 0002, -3.800000 
 390, 0003, -2.500000 
 390, 0004, -1.400000 
 390, 0005, -0.600000 
 390, 0006, -0.700000 
 390, 0007, -1.400000 
 390, 0008, -2.300000 
 390, 0009, -2.700000 
 390, 0010, -3.100000 
 390, 0011, -3.400000 
 390, 0012, -3.900000 
 390, 0013, -4.400000 
 390, 0014, -4.800000 
 390, 0015, -5.200000 
 390, 0016, -5.500000 
 390, 0017, -5.400000 
 390, 0018, -6.000000 
 390, 0019, -6.100000 
 390, 0020, -6.300000 
 390, 0021, -6.700000 
 390, 0022, -6.700000 
 390, 0023, -5.300000 
 391, 0000, -2.500000 
 391, 0001, 0.300000 
 391, 0002, 1.600000 
 391, 0003, 2.100000 
 391, 0004, 3.500000 
 391, 0005, 3.200000 
 391, 0006, 3.500000 
 391, 0007, 2.300000 
 391, 0008, 1.200000 
 391, 0009, 0.300000 
 391, 0010, -0.300000 
 391, 0011, -0.900000 
 391, 0012, -1.400000 
 391, 0013, -1.200000 
 391, 0014, -1.600000 
 391, 0015, -2.000000 
 391, 0016, -2.100000 
 391, 0017, -2.200000 
 391, 0018, -2.800000 
 391, 0019, -3.400000 
 391, 0020, -3.700000 
 391, 0021, -4.200000 
 391, 0022, -4.500000 
 391, 0023, -3.500000 
 392, 0000, -0.900000 
 392, 0001, 0.800000 
 392, 0002, 2.300000 
 392, 0003, 3.500000 
 392, 0004, 3.800000 
 392, 0005, 4.100000 
 392, 0006, 3.300000 
 392, 0007, 2.500000 
 392, 0008, 1.300000 
 392, 0009, 0.400000 
 392, 0010, -0.200000 
 392, 0011, -0.500000 
 392, 0012, -0.800000 
 392, 0013, -1.200000 
 392, 0014, -1.200000 
 392, 0015, -1.800000 
 392, 0016, -2.700000 
 392, 0017, -3.300000 
 392, 0018, -3.700000 
 392, 0019, -4.200000 
 392, 0020, -4.500000 
 392, 0021, -4.700000 
 392, 0022, -4.700000 
 392, 0023, -3.800000 
 393, 0000, -0.900000 
 393, 0001, 0.000000 
 393, 0002, 0.800000 
 393, 0003, 2.200000 
 393, 0004, 3.000000 
 393, 0005, 3.500000 
 393, 0006, 3.300000 
 393, 0007, 2.000000 
 393, 0008, 0.600000 
 393, 0009, -0.400000 
 393, 0010, -1.000000 
 393, 0011, -1.500000 
 393, 0012, -1.900000 
 393, 0013, -2.200000 
 393, 0014, -2.900000 
 393, 0015, -3.200000 
 393, 0016, -3.400000 
 393, 0017, -3.600000 
 393, 0018, -3.900000 
 393, 0019, -4.100000 
 393, 0020, -4.400000 
 393, 0021, -4.600000 
 393, 0022, -4.600000 
 393, 0023, -3.400000 
 394, 0000, -0.900000 
 394, 0001, 1.300000 
 394, 0002, 2.100000 
 394, 0003, 3.500000 
 394, 0004, 4.000000 
 394, 0005, 4.100000 
 394, 0006, 4.200000 
 394, 0007, 3.000000 
 394, 0008, 1.900000 
 394, 0009, 1.200000 
 394, 0010, 0.800000 
 394, 0011, 0.500000 
 394, 0012, 0.000000 
 394, 0013, -0.500000 
 394, 0014, -0.900000 
 394, 0015, -1.400000 
 394, 0016, -1.800000 
 394, 0017, -2.000000 
 394, 0018, -2.400000 
 394, 0019, -2.900000 
 394, 0020, -3.300000 
 394, 0021, -3.700000 
 394, 0022, -3.800000 
 394, 0023, -2.500000 
 395, 0000, 0.600000 
 395, 0001, 2.400000 
 395, 0002, 3.800000 
 395, 0003, 5.600000 
 395, 0004, 6.200000 
 395, 0005, 7.100000 
 395, 0006, 7.700000 
 395, 0007, 7.000000 
 395, 0008, 5.100000 
 395, 0009, 3.900000 
 395, 0010, 3.100000 
 395, 0011, 2.400000 
 395, 0012, 1.500000 
 395, 0013, 1.100000 
 395, 0014, 0.800000 
 395, 0015, 1.100000 
 395, 0016, 1.600000 
 395, 0017, 1.500000 
 395, 0018, 1.300000 
 395, 0019, 1.400000 
 395, 0020, 1.400000 
 395, 0021, 1.400000 
 395, 0022, 1.400000 
 395, 0023, 2.300000 
 396, 0000, 4.700000 
 396, 0001, 6.900000 
 396, 0002, 8.400000 
 396, 0003, 9.500000 
 396, 0004, 9.900000 
 396, 0005, 10.100000 
 396, 0006, 9.600000 
 396, 0007, 8.300000 
 396, 0008, 6.900000 
 396, 0009, 5.800000 
 396, 0010, 4.900000 
 396, 0011, 4.200000 
 396, 0012, 3.500000 
 396, 0013, 3.500000 
 396, 0014, 2.700000 
 396, 0015, 2.000000 
 396, 0016, 1.300000 
 396, 0017, 0.500000 
 396, 0018, 0.200000 
 396, 0019, 0.000000 
 396, 0020, -0.600000 
 396, 0021, -1.200000 
 396, 0022, -1.100000 
 396, 0023, -0.600000 
 732, 0000, 0.900000 
 732, 0001, 2.800000 
 732, 0002, 6.200000 
 732, 0003, 8.100000 
 732, 0004, 7.700000 
 732, 0005, 8.600000 
 732, 0006, 8.600000 
 732, 0007, 7.400000 
 732, 0008, 5.800000 
 732, 0009, 4.900000 
 732, 0010, 3.800000 
 732, 0011, 3.400000 
 732, 0012, 3.100000 
 732, 0013, 2.200000 
 732, 0014, 1.000000 
 732, 0015, 0.500000 
 732, 0016, -0.300000 
 732, 0017, -1.200000 
 732, 0018, -1.400000 
 732, 0019, -2.000000 
 732, 0020, -2.300000 
 732, 0021, -2.700000 
 732, 0022, -2.600000 
 732, 0023, -2.400000 
 733, 0000, -0.600000 
 733, 0001, 1.600000 
 733, 0002, 3.000000 
 733, 0003, 4.600000 
 733, 0004, 5.100000 
 733, 0005, 5.500000 
 733, 0006, 5.400000 
 733, 0007, 4.300000 
 733, 0008, 2.900000 
 733, 0009, 2.100000 
 733, 0010, 1.100000 
 733, 0011, 0.200000 
 733, 0012, -0.200000 
 733, 0013, -0.400000 
 733, 0014, -1.700000 
 733, 0015, -2.500000 
 733, 0016, -3.300000 
 733, 0017, -3.600000 
 733, 0018, -4.200000 
 733, 0019, -4.500000 
 733, 0020, -4.800000 
 733, 0021, -4.900000 
 733, 0022, -4.500000 
 733, 0023, -4.300000 
 734, 0000, -2.700000 
 734, 0001, -0.300000 
 734, 0002, 1.700000 
 734, 0003, 1.600000 
 734, 0004, 2.300000 
 734, 0005, 2.400000 
 734, 0006, 3.100000 
 734, 0007, 2.400000 
 734, 0008, 1.200000 
 734, 0009, 1.000000 
 734, 0010, 0.500000 
 734, 0011, 0.300000 
 734, 0012, 0.500000 
 734, 0013, -0.400000 
 734, 0014, -1.700000 
 734, 0015, -2.300000 
 734, 0016, -2.800000 
 734, 0017, -3.300000 
 734, 0018, -4.100000 
 734, 0019, -4.000000 
 734, 0020, -4.800000 
 734, 0021, -4.900000 
 734, 0022, -5.200000 
 734, 0023, -4.800000 
 735, 0000, -2.400000 
 735, 0001, 0.200000 
 735, 0002, 3.100000 
 735, 0003, 4.100000 
 735, 0004, 4.900000 
 735, 0005, 5.500000 
 735, 0006, 5.500000 
 735, 0007, 3.700000 
 735, 0008, 3.100000 
 735, 0009, 2.500000 
 735, 0010, 1.500000 
 735, 0011, 0.900000 
 735, 0012, 0.500000 
 735, 0013, 0.000000 
 735, 0014, -0.200000 
 735, 0015, -0.400000 
 735, 0016, -0.600000 
 735, 0017, 0.000000 
 735, 0018, 0.700000 
 735, 0019, 0.700000 
 735, 0020, 0.800000 
 735, 0021, -0.100000 
 735, 0022, -0.100000 
 735, 0023, -0.200000 
 736, 0000, 0.000000 
 736, 0001, 0.300000 
 736, 0002, 0.600000 
 736, 0003, 0.800000 
 736, 0004, 1.100000 
 736, 0005, 1.800000 
 736, 0006, 1.800000 
 736, 0007, 1.900000 
 736, 0008, 1.900000 
 736, 0009, 2.000000 
 736, 0010, 2.100000 
 736, 0011, 2.200000 
 736, 0012, 2.300000 
 736, 0013, 2.400000 
 736, 0014, 2.400000 
 736, 0015, 2.500000 
 736, 0016, 2.600000 
 736, 0017, 2.700000 
 736, 0018, 2.400000 
 736, 0019, 2.300000 
 736, 0020, 2.200000 
 736, 0021, 2.200000 
 736, 0022, 2.300000 
 736, 0023, 2.500000 
 737, 0000, 2.200000 
 737, 0001, 2.300000 
 737, 0002, 2.500000 
 737, 0003, 3.000000 
 737, 0004, 2.800000 
 737, 0005, 2.500000 
 737, 0006, 1.900000 
 737, 0007, 1.400000 
 737, 0008, 0.200000 
 737, 0009, -0.400000 
 737, 0010, -1.100000 
 737, 0011, -1.600000 
 737, 0012, -2.300000 
 737, 0013, -2.600000 
 737, 0014, -2.900000 
 737, 0015, -3.000000 
 737, 0016, -3.500000 
 737, 0017, -3.800000 
 737, 0018, -4.100000 
 737, 0019, -4.300000 
 737, 0020, -4.900000 
 737, 0021, -5.000000 
 737, 0022, -5.500000 
 737, 0023, -5.200000 
 738, 0000, -3.400000 
 738, 0001, -1.600000 
 738, 0002, -0.400000 
 738, 0003, 0.200000 
 738, 0004, 0.600000 
 738, 0005, 1.200000 
 738, 0006, 0.000000 
 738, 0007, -0.200000 
 738, 0008, -0.600000 
 738, 0009, -1.200000 
 738, 0010, -1.500000 
 738, 0011, -1.800000 
 738, 0012, -2.300000 
 738, 0013, -3.500000 
 738, 0014, -4.100000 
 738, 0015, -4.400000 
 738, 0016, -4.400000 
 738, 0017, -4.200000 
 738, 0018, -4.100000 
 738, 0019, -4.400000 
 738, 0020, -4.300000 
 738, 0021, -4.300000 
 738, 0022, -4.700000 
 738, 0023, -4.100000 
 739, 0000, -2.800000 
 739, 0001, -1.900000 
 739, 0002, -1.000000 
 739, 0003, -0.200000 
 739, 0004, 0.000000 
 739, 0005, 0.100000 
 739, 0006, -0.100000 
 739, 0007, -0.500000 
 739, 0008, -1.700000 
 739, 0009, -2.600000 
 739, 0010, -3.900000 
 739, 0011, -5.000000 
 739, 0012, -5.600000 
 739, 0013, -5.600000 
 739, 0014, -6.000000 
 739, 0015, -7.300000 
 739, 0016, -7.900000 
 739, 0017, -8.300000 
 739, 0018, -8.700000 
 739, 0019, -9.000000 
 739, 0020, -9.300000 
 739, 0021, -9.600000 
 739, 0022, -10.000000 
 739, 0023, -10.000000 
 740, 0000, -9.400000 
 740, 0001, -8.500000 
 740, 0002, -7.700000 
 740, 0003, -8.400000 
 740, 0004, -7.700000 
 740, 0005, -8.200000 
 740, 0006, -8.400000 
 740, 0007, -9.200000 
 740, 0008, -10.000000 
 740, 0009, -10.500000 
 740, 0010, -10.900000 
 740, 0011, -11.300000 
 740, 0012, -11.300000 
 740, 0013, -11.400000 
 740, 0014, -11.400000 
 740, 0015, -11.500000 
 740, 0016, -11.500000 
 740, 0017, -11.400000 
 740, 0018, -11.600000 
 740, 0019, -11.500000 
 740, 0020, -11.400000 
 740, 0021, -11.800000 
 740, 0022, -11.900000 
 740, 0023, -11.500000 
 741, 0000, -9.200000 
 741, 0001, -7.700000 
 741, 0002, -6.000000 
 741, 0003, -5.300000 
 741, 0004, -3.300000 
 741, 0005, -2.100000 
 741, 0006, -1.800000 
 741, 0007, -2.600000 
 741, 0008, -4.000000 
 741, 0009, -4.900000 
 741, 0010, -5.400000 
 741, 0011, -6.000000 
 741, 0012, -5.800000 
 741, 0013, -5.900000 
 741, 0014, -6.000000 
 741, 0015, -6.100000 
 741, 0016, -6.700000 
 741, 0017, -7.400000 
 741, 0018, -8.000000 
 741, 0019, -8.400000 
 741, 0020, -8.900000 
 741, 0021, -9.100000 
 741, 0022, -9.300000 
 741, 0023, -8.900000 
 742, 0000, -6.600000 
 742, 0001, -4.200000 
 742, 0002, -2.800000 
 742, 0003, -1.200000 
 742, 0004, 0.100000 
 742, 0005, 0.300000 
 742, 0006, -0.400000 
 742, 0007, -1.100000 
 742, 0008, -2.300000 
 742, 0009, -3.100000 
 742, 0010, -3.700000 
 742, 0011, -4.700000 
 742, 0012, -5.200000 
 742, 0013, -5.800000 
 742, 0014, -6.000000 
 742, 0015, -5.900000 
 742, 0016, -6.200000 
 742, 0017, -6.600000 
 742, 0018, -6.900000 
 742, 0019, -7.300000 
 742, 0020, -7.500000 
 742, 0021, -7.800000 
 742, 0022, -8.100000 
 742, 0023, -7.800000 
 743, 0000, -5.800000 
 743, 0001, -3.300000 
 743, 0002, -1.500000 
 743, 0003, 0.800000 
 743, 0004, 1.800000 
 743, 0005, 1.800000 
 743, 0006, 1.700000 
 743, 0007, 1.300000 
 743, 0008, 0.000000 
 743, 0009, -0.700000 
 743, 0010, -1.300000 
 743, 0011, -2.300000 
 743, 0012, -3.100000 
 743, 0013, -3.100000 
 743, 0014, -3.200000 
 743, 0015, -3.900000 
 743, 0016, -4.300000 
 743, 0017, -4.500000 
 743, 0018, -5.000000 
 743, 0019, -5.200000 
 743, 0020, -5.400000 
 743, 0021, -5.100000 
 743, 0022, -4.200000 
 743, 0023, -3.500000 
 744, 0000, -2.400000 
 744, 0001, -0.900000 
 744, 0002, 0.800000 
 744, 0003, 2.100000 
 744, 0004, 4.000000 
 744, 0005, 3.900000 
 744, 0006, 3.800000 
 744, 0007, 2.200000 
 744, 0008, 2.100000 
 744, 0009, 1.600000 
 744, 0010, 1.600000 
 744, 0011, 1.700000 
 744, 0012, 1.600000 
 744, 0013, 1.700000 
 744, 0014, 1.700000 
 744, 0015, 1.700000 
 744, 0016, 1.800000 
 744, 0017, 1.800000 
 744, 0018, 1.800000 
 744, 0019, 2.000000 
 744, 0020, 1.800000 
 744, 0021, 1.100000 
 744, 0022, 0.800000 
 744, 0023, 1.100000 
 745, 0000, 1.700000 
 745, 0001, 2.700000 
 745, 0002, 4.600000 
 745, 0003, 5.000000 
 745, 0004, 4.700000 
 745, 0005, 4.800000 
 745, 0006, 4.900000 
 745, 0007, 4.400000 
 745, 0008, 3.800000 
 745, 0009, 3.400000 
 745, 0010, 2.700000 
 745, 0011, 1.800000 
 745, 0012, 0.300000 
 745, 0013, -0.900000 
 745, 0014, -1.500000 
 745, 0015, -2.100000 
 745, 0016, -2.600000 
 745, 0017, -3.100000 
 745, 0018, -3.500000 
 745, 0019, -4.000000 
 745, 0020, -4.600000 
 745, 0021, -4.900000 
 745, 0022, -5.100000 
 745, 0023, -4.700000 
 746, 0000, -3.800000 
 746, 0001, -3.100000 
 746, 0002, -2.200000 
 746, 0003, -1.600000 
 746, 0004, -1.500000 
 746, 0005, -1.300000 
 746, 0006, -0.800000 
 746, 0007, -1.500000 
 746, 0008, -2.500000 
 746, 0009, -2.900000 
 746, 0010, -3.300000 
 746, 0011, -3.700000 
 746, 0012, -4.300000 
 746, 0013, -4.900000 
 746, 0014, -4.800000 
 746, 0015, -4.600000 
 746, 0016, -4.000000 
 746, 0017, -3.800000 
 746, 0018, -3.500000 
 746, 0019, -3.400000 
 746, 0020, -3.300000 
 746, 0021, -3.200000 
 746, 0022, -2.900000 
 746, 0023, -2.500000 
 747, 0000, -2.000000 
 747, 0001, -1.100000 
 747, 0002, 0.000000 
 747, 0003, 1.000000 
 747, 0004, 2.500000 
 747, 0005, 2.800000 
 747, 0006, 2.600000 
 747, 0007, 2.400000 
 747, 0008, 2.500000 
 747, 0009, 2.100000 
 747, 0010, 1.900000 
 747, 0011, 1.600000 
 747, 0012, 0.900000 
 747, 0013, -0.100000 
 747, 0014, -0.900000 
 747, 0015, -1.300000 
 747, 0016, -2.100000 
 747, 0017, -3.000000 
 747, 0018, -3.500000 
 747, 0019, -3.800000 
 747, 0020, -4.200000 
 747, 0021, -4.400000 
 747, 0022, -4.800000 
 747, 0023, -4.500000 
 748, 0000, -2.200000 
 748, 0001, -0.200000 
 748, 0002, 1.600000 
 748, 0003, 4.300000 
 748, 0004, 4.700000 
 748, 0005, 4.500000 
 748, 0006, 5.200000 
 748, 0007, 4.500000 
 748, 0008, 3.100000 
 748, 0009, 2.100000 
 748, 0010, 1.000000 
 748, 0011, 0.200000 
 748, 0012, -0.400000 
 748, 0013, -0.800000 
 748, 0014, -1.100000 
 748, 0015, -1.600000 
 748, 0016, -1.900000 
 748, 0017, -2.000000 
 748, 0018, -2.500000 
 748, 0019, -3.000000 
 748, 0020, -3.400000 
 748, 0021, -3.400000 
 748, 0022, -3.800000 
 748, 0023, -2.900000 
 749, 0000, -1.100000 
 749, 0001, 1.800000 
 749, 0002, 3.800000 
 749, 0003, 5.800000 
 749, 0004, 7.400000 
 749, 0005, 7.000000 
 749, 0006, 6.800000 
 749, 0007, 5.900000 
 749, 0008, 4.300000 
 749, 0009, 3.100000 
 749, 0010, 2.300000 
 749, 0011, 1.400000 
 749, 0012, 0.800000 
 749, 0013, 0.200000 
 749, 0014, -0.100000 
 749, 0015, -0.500000 
 749, 0016, -1.000000 
 749, 0017, -0.600000 
 749, 0018, 0.000000 
 749, 0019, 0.300000 
 749, 0020, 0.600000 
 749, 0021, 0.600000 
 749, 0022, 0.800000 
 749, 0023, 1.100000 
 750, 0000, 1.700000 
 750, 0001, 3.100000 
 750, 0002, 4.600000 
 750, 0003, 6.400000 
 750, 0004, 8.400000 
 750, 0005, 8.800000 
 750, 0006, 8.200000 
 750, 0007, 7.800000 
 750, 0008, 7.000000 
 750, 0009, 6.100000 
 750, 0010, 5.600000 
 750, 0011, 5.400000 
 750, 0012, 4.900000 
 750, 0013, 4.300000 
 750, 0014, 3.800000 
 750, 0015, 3.300000 
 750, 0016, 3.000000 
 750, 0017, 3.200000 
 750, 0018, 3.400000 
 750, 0019, 3.600000 
 750, 0020, 3.700000 
 750, 0021, 3.400000 
 750, 0022, 3.100000 
 750, 0023, 3.100000 
 751, 0000, 4.200000 
 751, 0001, 4.500000 
 751, 0002, 5.000000 
 751, 0003, 5.800000 
 751, 0004, 6.800000 
 751, 0005, 7.500000 
 751, 0006, 7.200000 
 751, 0007, 6.300000 
 751, 0008, 5.100000 
 751, 0009, 4.100000 
 751, 0010, 3.100000 
 751, 0011, 2.600000 
 751, 0012, 1.900000 
 751, 0013, 1.400000 
 751, 0014, 0.900000 
 751, 0015, 0.800000 
 751, 0016, 0.400000 
 751, 0017, 0.200000 
 751, 0018, 0.000000 
 751, 0019, -0.200000 
 751, 0020, -0.400000 
 751, 0021, -0.600000 
 751, 0022, -0.800000 
 751, 0023, -0.400000 
 752, 0000, 0.800000 
 752, 0001, 3.000000 
 752, 0002, 4.700000 
 752, 0003, 5.600000 
 752, 0004, 6.000000 
 752, 0005, 6.100000 
 752, 0006, 5.800000 
 752, 0007, 5.400000 
 752, 0008, 4.400000 
 752, 0009, 3.200000 
 752, 0010, 2.700000 
 752, 0011, 2.300000 
 752, 0012, 2.200000 
 752, 0013, 2.400000 
 752, 0014, 2.400000 
 752, 0015, 2.500000 
 752, 0016, 2.400000 
 752, 0017, 2.100000 
 752, 0018, 2.200000 
 752, 0019, 2.400000 
 752, 0020, 2.900000 
 752, 0021, 3.400000 
 752, 0022, 3.000000 
 752, 0023, 2.800000 
 753, 0000, 3.400000 
 753, 0001, 3.800000 
 753, 0002, 5.100000 
 753, 0003, 5.800000 
 753, 0004, 7.000000 
 753, 0005, 7.600000 
 753, 0006, 7.000000 
 753, 0007, 6.500000 
 753, 0008, 4.700000 
 753, 0009, 3.500000 
 753, 0010, 2.800000 
 753, 0011, 1.800000 
 753, 0012, 1.700000 
 753, 0013, 1.400000 
 753, 0014, 0.600000 
 753, 0015, 0.000000 
 753, 0016, -0.200000 
 753, 0017, -0.500000 
 753, 0018, -0.700000 
 753, 0019, -1.300000 
 753, 0020, -1.600000 
 753, 0021, -2.100000 
 753, 0022, -2.100000 
 753, 0023, -1.600000 
 754, 0000, 0.700000 
 754, 0001, 3.000000 
 754, 0002, 5.000000 
 754, 0003, 5.700000 
 754, 0004, 6.500000 
 754, 0005, 7.100000 
 754, 0006, 7.600000 
 754, 0007, 6.500000 
 754, 0008, 4.800000 
 754, 0009, 3.400000 
 754, 0010, 2.400000 
 754, 0011, 1.600000 
 754, 0012, 1.100000 
 754, 0013, 0.600000 
 754, 0014, 0.100000 
 754, 0015, -0.300000 
 754, 0016, -0.500000 
 754, 0017, -1.000000 
 754, 0018, -1.100000 
 754, 0019, -1.600000 
 754, 0020, -2.000000 
 754, 0021, -2.200000 
 754, 0022, -2.500000 
 754, 0023, -2.000000 
 755, 0000, 0.900000 
 755, 0001, 3.800000 
 755, 0002, 6.100000 
 755, 0003, 7.600000 
 755, 0004, 8.900000 
 755, 0005, 10.000000 
 755, 0006, 10.300000 
 755, 0007, 9.300000 
 755, 0008, 7.600000 
 755, 0009, 6.400000 
 755, 0010, 4.900000 
 755, 0011, 4.200000 
 755, 0012, 3.200000 
 755, 0013, 2.800000 
 755, 0014, 2.400000 
 755, 0015, 2.200000 
 755, 0016, 2.000000 
 755, 0017, 2.200000 
 755, 0018, 1.600000 
 755, 0019, 1.500000 
 755, 0020, 1.200000 
 755, 0021, 1.800000 
 755, 0022, 2.200000 
 755, 0023, 3.300000 
 756, 0000, 5.700000 
 756, 0001, 7.300000 
 756, 0002, 8.800000 
 756, 0003, 9.800000 
 756, 0004, 10.300000 
 756, 0005, 10.100000 
 756, 0006, 9.600000 
 756, 0007, 9.900000 
 756, 0008, 8.100000 
 756, 0009, 6.800000 
 756, 0010, 5.800000 
 756, 0011, 4.800000 
 756, 0012, 4.400000 
 756, 0013, 3.900000 
 756, 0014, 3.500000 
 756, 0015, 3.200000 
 756, 0016, 3.200000 
 756, 0017, 3.100000 
 756, 0018, 3.100000 
 756, 0019, 2.800000 
 756, 0020, 2.100000 
 756, 0021, 1.800000 
 756, 0022, 2.000000 
 756, 0023, 2.500000 
 757, 0000, 3.400000 
 757, 0001, 5.300000 
 757, 0002, 6.500000 
 757, 0003, 6.700000 
 757, 0004, 7.400000 
 757, 0005, 7.300000 
 757, 0006, 7.000000 
 757, 0007, 6.400000 
 757, 0008, 5.900000 
 757, 0009, 5.200000 
 757, 0010, 4.900000 
 757, 0011, 4.500000 
 757, 0012, 4.600000 
 757, 0013, 5.000000 
 757, 0014, 5.100000 
 757, 0015, 4.400000 
 757, 0016, 3.200000 
 757, 0017, 3.000000 
 757, 0018, 2.700000 
 757, 0019, 2.700000 
 757, 0020, 2.800000 
 757, 0021, 2.100000 
 757, 0022, 1.400000 
 757, 0023, 0.500000 
 758, 0000, -0.200000 
 758, 0001, -0.300000 
 758, 0002, 0.000000 
 758, 0003, 0.500000 
 758, 0004, 1.100000 
 758, 0005, 1.000000 
 758, 0006, -0.800000 
 758, 0007, -0.600000 
 758, 0008, -0.900000 
 758, 0009, -1.300000 
 758, 0010, -1.300000 
 758, 0011, -1.400000 
 758, 0012, -1.600000 
 758, 0013, -2.200000 
 758, 0014, -2.500000 
 758, 0015, -2.600000 
 758, 0016, -2.800000 
 758, 0017, -2.900000 
 758, 0018, -3.700000 
 758, 0019, -3.600000 
 758, 0020, -3.700000 
 758, 0021, -4.000000 
 758, 0022, -4.200000 
 758, 0023, -4.100000 
 759, 0000, -3.600000 
 759, 0001, -2.900000 
 759, 0002, -2.900000 
 759, 0003, -2.800000 
 759, 0004, -2.800000 
 759, 0005, -2.600000 
 759, 0006, -2.700000 
 759, 0007, -2.900000 
 759, 0008, -3.800000 
 759, 0009, -4.500000 
 759, 0010, -4.700000 
 759, 0011, -4.900000 
 759, 0012, -4.900000 
 759, 0013, -5.100000 
 759, 0014, -5.200000 
 759, 0015, -5.000000 
 759, 0016, -4.800000 
 759, 0017, -4.600000 
 759, 0018, -4.900000 
 759, 0019, -5.300000 
 759, 0020, -5.600000 
 759, 0021, -6.000000 
 759, 0022, -6.100000 
 759, 0023, -6.300000 
 760, 0000, -5.400000 
 760, 0001, -4.800000 
 760, 0002, -3.700000 
 760, 0003, -2.400000 
 760, 0004, -1.300000 
 760, 0005, -2.300000 
 760, 0006, -1.900000 
 760, 0007, -2.400000 
 760, 0008, -3.300000 
 760, 0009, -4.000000 
 760, 0010, -4.500000 
 760, 0011, -4.900000 
 760, 0012, -5.300000 
 760, 0013, -5.300000 
 760, 0014, -5.300000 
 760, 0015, -5.700000 
 760, 0016, -6.000000 
 760, 0017, -6.400000 
 760, 0018, -6.300000 
 760, 0019, -6.800000 
 760, 0020, -7.000000 
 760, 0021, -7.100000 
 760, 0022, -7.400000 
 760, 0023, -7.100000 
 761, 0000, -5.300000 
 761, 0001, -3.600000 
 761, 0002, -2.700000 
 761, 0003, -1.100000 
 761, 0004, -1.200000 
 761, 0005, -1.200000 
 761, 0006, -1.600000 
 761, 0007, -1.500000 
 761, 0008, -1.600000 
 761, 0009, -1.700000 
 761, 0010, -1.700000 
 761, 0011, -2.000000 
 761, 0012, -1.800000 
 761, 0013, -1.900000 
 761, 0014, -1.700000 
 761, 0015, -1.600000 
 761, 0016, -1.800000 
 761, 0017, -1.600000 
 761, 0018, -1.800000 
 761, 0019, -2.100000 
 761, 0020, -2.400000 
 761, 0021, -2.500000 
 761, 0022, -2.400000 
 761, 0023, -2.100000 
 762, 0000, -1.800000 
 762, 0001, -1.400000 
 762, 0002, -0.800000 
 762, 0003, -0.600000 
 762, 0004, -0.500000 
 762, 0005, -0.400000 
 762, 0006, -0.100000 
 762, 0007, -0.100000 
 762, 0008, 0.000000 
 762, 0009, 0.200000 
 762, 0010, 0.300000 
 762, 0011, 0.400000 
 762, 0012, 0.500000 
 762, 0013, 0.600000 
 762, 0014, 0.700000 
 762, 0015, 0.400000 
 762, 0016, 0.100000 
 762, 0017, -0.300000 
 762, 0018, -0.800000 
 762, 0019, -1.200000 
 762, 0020, -1.700000 
 762, 0021, -1.900000 
 762, 0022, -1.800000 
 762, 0023, -1.700000 
